Workbook
Name _AtRisk_SimSetting_AutomaticallyGenerateReports: FALSE
Name _AtRisk_SimSetting_LiveUpdatePeriod: -1
Name _AtRisk_SimSetting_ReportOptionCustomItemsCount: 0
Name _AtRisk_SimSetting_ReportOptionDataMode: 1
Name _AtRisk_SimSetting_ReportOptionReportMultiSimType: 1
Name _AtRisk_SimSetting_ReportOptionReportPlacement: 1
Name _AtRisk_SimSetting_ReportOptionReportSelection: 257
Name _AtRisk_SimSetting_ReportOptionReportsFileType: 1
Name _AtRisk_SimSetting_ReportOptionSelectiveQR: FALSE
Name _AtRisk_SimSetting_ReportsList: 257
Name _AtRisk_SimSetting_StdRecalcWithoutRiskStatic: 0
Name _Order1: 255
Name _Order2: 255
Name F: {"bal",#N/A,FALSE,"working papers";"income",#N/A,FALSE,"working papers"}
Name fdraf: {"bal",#N/A,FALSE,"working papers";"income",#N/A,FALSE,"working papers"}
Name Fdraft: {"bal",#N/A,FALSE,"working papers";"income",#N/A,FALSE,"working papers"}
Name IQ_CH: 110000
Name IQ_CQ: 5000
Name IQ_CY: 10000
Name IQ_DAILY: 500000
Name IQ_DNTM: 700000
Name IQ_EXPENSE_CODE_: 80019595006
Name IQ_FH: 100000
Name IQ_FQ: 500
Name IQ_FWD_CY: 10001
Name IQ_FWD_CY1: 10002
Name IQ_FWD_CY2: 10003
Name IQ_FWD_FY: 1001
Name IQ_FWD_FY1: 1002
Name IQ_FWD_FY2: 1003
Name IQ_FWD_Q: 501
Name IQ_FWD_Q1: 502
Name IQ_FWD_Q2: 503
Name IQ_FY: 1000
Name IQ_LATESTK: 1000
Name IQ_LATESTQ: 500
Name IQ_LTM: 2000
Name IQ_LTMMONTH: 120000
Name IQ_MONTH: 15000
Name IQ_MTD: 800000
Name IQ_NAMES_REVISION_DATE_: 41366.3748958333
Name IQ_NTM: 6000
Name IQ_QTD: 750000
Name IQ_TODAY: 0
Name IQ_WEEK: 50000
Name IQ_YTD: 3000
Name IQ_YTDMONTH: 130000
Name RiskHasSettings: 5
Name RiskMultipleCPUSupportEnabled: TRUE
Name RiskUseMultipleCPUs: TRUE
Name SAPBEXrevision: 1
Name SAPBEXsysID: "BWB"
Name SAPBEXwbID: "49ZLUKBQR0WG29D9LLI3IBIIT"
Name wrn.papersdraft: {"bal",#N/A,FALSE,"working papers";"income",#N/A,FALSE,"working papers"}
Name wrn.wpapers.: {"bal",#N/A,FALSE,"working papers";"income",#N/A,FALSE,"working papers"}

Sheet Cover
A1: =RIGHT(CELL("filename", $A$1), LEN(CELL("filename", $A$1)) - SEARCH("]", CELL("filename", $A$1))) -> Cover
B3: PR24 [Model name]
B5: Model code | C5: PR24OC13
B6: Version number: | C6: 1
B7: File name: | C7: =MID(CELL("filename"), FIND("[", CELL("filename"), 1) + 1, FIND("]", CELL("filename"), 1) - FIND("[", CELL("filename"), 1) - 1) -> PR24 FD OC13 ODI risk - Feeder Model (Per Capita Consumption and Business Demand).xlsx
B8: Date: | C8: 45627
B10: For enquiries please contact: | C10: PR24@ofwat.gov.uk

Sheet Conceptual Model
A1: =RIGHT(CELL("filename", A1), LEN(CELL("filename", A1)) - SEARCH("]", CELL("filename", A1))) -> Conceptual Model
A3: Conceptual model
A28: End of sheet

Sheet F_Inputs
C1: ODI risk PCC NHH feeder inputs Run 11 | E1: Run on 06 Dec 2024 15:13
A2: Acronym | B2: Reference | C2: Item description | D2: Unit | E2: Model | F2: 2011-12 | G2: 2012-13 | H2: 2013-14 | I2: 2014-15 | J2: 2015-16 | K2: 2016-17 | L2: 2017-18 | M2: 2018-19 | N2: 2019-20 | O2: 2020-21 | P2: 2021-22 | Q2: 2022-23 | R2: 2023-24 | S2: 2024-25 | T2: 2025-26 | U2: 2026-27 | V2: 2027-28 | W2: 2028-29 | X2: 2029-30
F4: Price Review 2024 | G4: Price Review 2024 | H4: Price Review 2024 | I4: Price Review 2024 | J4: Price Review 2024 | K4: Price Review 2024 | L4: Price Review 2024 | M4: Price Review 2024 | N4: Price Review 2024 | O4: Price Review 2024 | P4: Price Review 2024 | Q4: Price Review 2024 | R4: Price Review 2024 | S4: Price Review 2024 | T4: Price Review 2024 | U4: Price Review 2024 | V4: Price Review 2024 | W4: Price Review 2024 | X4: Price Review 2024
F5: Run 11 - PR24 FD Data | G5: Run 11 - PR24 FD Data | H5: Run 11 - PR24 FD Data | I5: Run 11 - PR24 FD Data | J5: Run 11 - PR24 FD Data | K5: Run 11 - PR24 FD Data | L5: Run 11 - PR24 FD Data | M5: Run 11 - PR24 FD Data | N5: Run 11 - PR24 FD Data | O5: Run 11 - PR24 FD Data | P5: Run 11 - PR24 FD Data | Q5: Run 11 - PR24 FD Data | R5: Run 11 - PR24 FD Data | S5: Run 11 - PR24 FD Data | T5: Run 11 - PR24 FD Data | U5: Run 11 - PR24 FD Data | V5: Run 11 - PR24 FD Data | W5: Run 11 - PR24 FD Data | X5: Run 11 - PR24 FD Data
F6: Latest | G6: Latest | H6: Latest | I6: Latest | J6: Latest | K6: Latest | L6: Latest | M6: Latest | N6: Latest | O6: Latest | P6: Latest | Q6: Latest | R6: Latest | S6: Latest | T6: Latest | U6: Latest | V6: Latest | W6: Latest | X6: Latest
A7: ANH | B7: OUT4_08_C_PR24 | C7: Underlying calculations for common performance commitments - water and combined - Per capita consumption - Company level - 3- year average per capita consumption | D7: l/p/d | E7: Price Review 2024 | N7: 134.99391 | O7: 139.03659 | P7: 138.72994 | Q7: 138.40089 | R7: 131.94799 | S7: 128.49253 | T7: 125.766 | U7: 124.18519 | V7: 122.78208 | W7: 121.4104 | X7: 120.00612
A8: ANH | B8: OUT4_09_C_PR24 | C8: Underlying calculations for common performance commitments - water and combined - Per capita consumption - Region 1 - 3- year average per capita consumption | D8: l/p/d | E8: Price Review 2024
A9: ANH | B9: OUT4_10_C_PR24 | C9: Underlying calculations for common performance commitments - water and combined - Per capita consumption - Region 2 - 3- year average per capita consumption | D9: Ml/d | E9: Price Review 2024
A10: WSH | B10: OUT4_08_C_PR24 | C10: Underlying calculations for common performance commitments - water and combined - Per capita consumption - Company level - 3- year average per capita consumption | D10: l/p/d | E10: Price Review 2024 | N10: 145.70441 | O10: 151.45371 | P10: 153.85332 | Q10: 154.79902 | R10: 150.68517 | S10: 146.91938 | T10: 144.59678 | U10: 141.62183 | V10: 139.65934 | W10: 137.60481 | X10: 135.60175
A11: WSH | B11: OUT4_09_C_PR24 | C11: Underlying calculations for common performance commitments - water and combined - Per capita consumption - Region 1 - 3- year average per capita consumption | D11: l/p/d | E11: Price Review 2024
A12: WSH | B12: OUT4_10_C_PR24 | C12: Underlying calculations for common performance commitments - water and combined - Per capita consumption - Region 2 - 3- year average per capita consumption | D12: Ml/d | E12: Price Review 2024
A13: HDD | B13: OUT4_08_C_PR24 | C13: Underlying calculations for common performance commitments - water and combined - Per capita consumption - Company level - 3- year average per capita consumption | D13: l/p/d | E13: Price Review 2024 | N13: 128.94099 | O13: 131.37978 | P13: 133.65367 | Q13: 135.07889 | R13: 130.59066 | S13: 123.49266 | T13: 118.02873 | U13: 116.48674 | V13: 115.90576 | W13: 115.30173 | X13: 114.70465
A14: HDD | B14: OUT4_09_C_PR24 | C14: Underlying calculations for common performance commitments - water and combined - Per capita consumption - Region 1 - 3- year average per capita consumption | D14: l/p/d | E14: Price Review 2024
A15: HDD | B15: OUT4_10_C_PR24 | C15: Underlying calculations for common performance commitments - water and combined - Per capita consumption - Region 2 - 3- year average per capita consumption | D15: Ml/d | E15: Price Review 2024
A16: NES | B16: OUT4_08_C_PR24 | C16: Underlying calculations for common performance commitments - water and combined - Per capita consumption - Company level - 3- year average per capita consumption | D16: l/p/d | E16: Price Review 2024 | N16: 150.65617 | O16: 156.29896 | P16: 157.71714 | Q16: 159.10008 | R16: 154.71209 | S16: 151.62717 | T16: 148.61102 | U16: 144.77177 | V16: 141.38115 | W16: 138.46432 | X16: 136.02719
A17: NES | B17: OUT4_09_C_PR24 | C17: Underlying calculations for common performance commitments - water and combined - Per capita consumption - Region 1 - 3- year average per capita consumption | D17: l/p/d | E17: Price Review 2024 | N17: 145.94755 | O17: 152.265 | P17: 155.28117 | Q17: 157.89837 | R17: 154.40186 | S17: 151.32944 | T17: 148.52184 | U17: 144.7769 | V17: 141.34113 | W17: 138.42093 | X17: 136.18592
A18: NES | B18: OUT4_10_C_PR24 | C18: Underlying calculations for common performance commitments - water and combined - Per capita consumption - Region 2 - 3- year average per capita consumption | D18: Ml/d | E18: Price Review 2024 | N18: 156.82409 | O18: 161.57244 | P18: 160.90772 | Q18: 160.69273 | R18: 155.13372 | S18: 152.01813 | T18: 148.73045 | U18: 144.76652 | V18: 141.43265 | W18: 138.52037 | X18: 135.82498
A19: SVE | B19: OUT4_08_C_PR24 | C19: Underlying calculations for common performance commitments - water and combined - Per capita consumption - Company level - 3- year average per capita consumption | D19: l/p/d | E19: Price Review 2024 | N19: 133.7 | O19: 137.13333 | P19: 138.4 | Q19: 137.53196 | R19: 131.25653 | S19: 127.98986 | T19: 127.03628 | U19: 126.52741 | V19: 125.00121 | W19: 123.31585 | X19: 122.25949
A20: SVE | B20: OUT4_09_C_PR24 | C20: Underlying calculations for common performance commitments - water and combined - Per capita consumption - Region 1 - 3- year average per capita consumption | D20: l/p/d | E20: Price Review 2024
A21: SVE | B21: OUT4_10_C_PR24 | C21: Underlying calculations for common performance commitments - water and combined - Per capita consumption - Region 2 - 3- year average per capita consumption | D21: Ml/d | E21: Price Review 2024
A22: SWB | B22: OUT4_08_C_PR24 | C22: Underlying calculations for common performance commitments - water and combined - Per capita consumption - Company level - 3- year average per capita consumption | D22: l/p/d | E22: Price Review 2024 | N22: 146.01339 | O22: 144.91414 | P22: 142.08015 | Q22: 144.93632 | R22: 147.79297 | S22: 148.9641 | T22: 143.54028 | U22: 139.57829 | V22: 134.75471 | W22: 132.92231 | X22: 130.78333
A23: SWB | B23: OUT4_09_C_PR24 | C23: Underlying calculations for common performance commitments - water and combined - Per capita consumption - Region 1 - 3- year average per capita consumption | D23: l/p/d | E23: Price Review 2024
A24: SWB | B24: OUT4_10_C_PR24 | C24: Underlying calculations for common performance commitments - water and combined - Per capita consumption - Region 2 - 3- year average per capita consumption | D24: Ml/d | E24: Price Review 2024
A25: SRN | B25: OUT4_08_C_PR24 | C25: Underlying calculations for common performance commitments - water and combined - Per capita consumption - Company level - 3- year average per capita consumption | D25: l/p/d | E25: Price Review 2024 | N25: 127.96312 | O25: 131.74576 | P25: 132.77548 | Q25: 133.42672 | R25: 130.32224 | S25: 128.02381 | T25: 126.26921 | U25: 124.61679 | V25: 123.27735 | W25: 121.77751 | X25: 120.22837
A26: SRN | B26: OUT4_09_C_PR24 | C26: Underlying calculations for common performance commitments - water and combined - Per capita consumption - Region 1 - 3- year average per capita consumption | D26: l/p/d | E26: Price Review 2024
A27: SRN | B27: OUT4_10_C_PR24 | C27: Underlying calculations for common performance commitments - water and combined - Per capita consumption - Region 2 - 3- year average per capita consumption | D27: Ml/d | E27: Price Review 2024
A28: TMS | B28: OUT4_08_C_PR24 | C28: Underlying calculations for common performance commitments - water and combined - Per capita consumption - Company level - 3- year average per capita consumption | D28: l/p/d | E28: Price Review 2024 | N28: 145.22165 | O28: 147.55806 | P28: 146.71431 | Q28: 145.3399 | R28: 140.65564 | S28: 138.44162 | T28: 137.25947 | U28: 136.54341 | V28: 135.98907 | W28: 135.54767 | X28: 135.09967
A29: TMS | B29: OUT4_09_C_PR24 | C29: Underlying calculations for common performance commitments - water and combined - Per capita consumption - Region 1 - 3- year average per capita consumption | D29: l/p/d | E29: Price Review 2024
A30: TMS | B30: OUT4_10_C_PR24 | C30: Underlying calculations for common performance commitments - water and combined - Per capita consumption - Region 2 - 3- year average per capita consumption | D30: Ml/d | E30: Price Review 2024
A31: NWT | B31: OUT4_08_C_PR24 | C31: Underlying calculations for common performance commitments - water and combined - Per capita consumption - Company level - 3- year average per capita consumption | D31: l/p/d | E31: Price Review 2024 | N31: 144.03057 | O31: 146.54161 | P31: 146.06053 | Q31: 144.73074 | R31: 140.40208 | S31: 137.53127 | T31: 135.7 | U31: 133.8 | V31: 132.6 | W31: 131.4 | X31: 130.2
A32: NWT | B32: OUT4_09_C_PR24 | C32: Underlying calculations for common performance commitments - water and combined - Per capita consumption - Region 1 - 3- year average per capita consumption | D32: l/p/d | E32: Price Review 2024
A33: NWT | B33: OUT4_10_C_PR24 | C33: Underlying calculations for common performance commitments - water and combined - Per capita consumption - Region 2 - 3- year average per capita consumption | D33: Ml/d | E33: Price Review 2024
A34: WSX | B34: OUT4_08_C_PR24 | C34: Underlying calculations for common performance commitments - water and combined - Per capita consumption - Company level - 3- year average per capita consumption | D34: l/p/d | E34: Price Review 2024 | N34: 137.82381 | O34: 143.13763 | P34: 144.99667 | Q34: 145.15481 | R34: 138.83639 | S34: 136.94582 | T34: 136.81405 | U34: 138.04719 | V34: 136.60292 | W34: 134.89161 | X34: 133.24492
A35: WSX | B35: OUT4_09_C_PR24 | C35: Underlying calculations for common performance commitments - water and combined - Per capita consumption - Region 1 - 3- year average per capita consumption | D35: l/p/d | E35: Price Review 2024
A36: WSX | B36: OUT4_10_C_PR24 | C36: Underlying calculations for common performance commitments - water and combined - Per capita consumption - Region 2 - 3- year average per capita consumption | D36: Ml/d | E36: Price Review 2024
A37: YKY | B37: OUT4_08_C_PR24 | C37: Underlying calculations for common performance commitments - water and combined - Per capita consumption - Company level - 3- year average per capita consumption | D37: l/p/d | E37: Price Review 2024 | N37: 128.20209 | O37: 132.49049 | P37: 133.46147 | Q37: 132.18142 | R37: 126.90829 | S37: 124.77072 | T37: 124.85655 | U37: 124.04371 | V37: 122.91038 | W37: 121.68502 | X37: 120.47105
A38: YKY | B38: OUT4_09_C_PR24 | C38: Underlying calculations for common performance commitments - water and combined - Per capita consumption - Region 1 - 3- year average per capita consumption | D38: l/p/d | E38: Price Review 2024
A39: YKY | B39: OUT4_10_C_PR24 | C39: Underlying calculations for common performance commitments - water and combined - Per capita consumption - Region 2 - 3- year average per capita consumption | D39: Ml/d | E39: Price Review 2024
A40: AFW | B40: OUT4_08_C_PR24 | C40: Underlying calculations for common performance commitments - water and combined - Per capita consumption - Company level - 3- year average per capita consumption | D40: l/p/d | E40: Price Review 2024 | N40: 154.01456 | O40: 159.36159 | P40: 159.23321 | Q40: 160.63039 | R40: 156.29511 | S40: 150.39085 | T40: 144.15725 | U40: 138.35682 | V40: 136.75652 | W40: 135.38846 | X40: 134.17394
A41: AFW | B41: OUT4_09_C_PR24 | C41: Underlying calculations for common performance commitments - water and combined - Per capita consumption - Region 1 - 3- year average per capita consumption | D41: l/p/d | E41: Price Review 2024 | N41: 0 | O41: 0 | P41: 0 | Q41: 0 | R41: 0 | S41: 0 | T41: 0 | U41: 0 | V41: 0 | W41: 0 | X41: 0
A42: AFW | B42: OUT4_10_C_PR24 | C42: Underlying calculations for common performance commitments - water and combined - Per capita consumption - Region 2 - 3- year average per capita consumption | D42: Ml/d | E42: Price Review 2024 | N42: 0 | O42: 0 | P42: 0 | Q42: 0 | R42: 0 | S42: 0 | T42: 0 | U42: 0 | V42: 0 | W42: 0 | X42: 0
A43: BRL | B43: OUT4_08_C_PR24 | C43: Underlying calculations for common performance commitments - water and combined - Per capita consumption - Company level - 3- year average per capita consumption | D43: l/p/d | E43: Price Review 2024 | N43: 148.88289 | O43: 152.94593 | P43: 154.07408 | Q43: 154.85451 | R43: 149.38899 | S43: 146.66034 | T43: 146.96173 | U43: 147.41472 | V43: 146.657 | W43: 144.26805 | X43: 142.39534
A44: BRL | B44: OUT4_09_C_PR24 | C44: Underlying calculations for common performance commitments - water and combined - Per capita consumption - Region 1 - 3- year average per capita consumption | D44: l/p/d | E44: Price Review 2024
A45: BRL | B45: OUT4_10_C_PR24 | C45: Underlying calculations for common performance commitments - water and combined - Per capita consumption - Region 2 - 3- year average per capita consumption | D45: Ml/d | E45: Price Review 2024
A46: SSC | B46: OUT4_08_C_PR24 | C46: Underlying calculations for common performance commitments - water and combined - Per capita consumption - Company level - 3- year average per capita consumption | D46: l/p/d | E46: Price Review 2024 | N46: 129.74005 | O46: 136.85243 | P46: 141.5897 | Q46: 146.55958 | R46: 140.93015 | S46: 136.94238 | T46: 134.77179 | U46: 134.3897 | V46: 132.64403 | W46: 130.30486 | X46: 128.02666
A47: SSC | B47: OUT4_09_C_PR24 | C47: Underlying calculations for common performance commitments - water and combined - Per capita consumption - Region 1 - 3- year average per capita consumption | D47: l/p/d | E47: Price Review 2024 | N47: 128.53779 | O47: 136.31171 | P47: 142.11358 | Q47: 147.58695 | R47: 142.92182 | S47: 138.73861 | T47: 136.39327 | U47: 135.34229 | V47: 133.64814 | W47: 131.31248 | X47: 128.92347
A48: SSC | B48: OUT4_10_C_PR24 | C48: Underlying calculations for common performance commitments - water and combined - Per capita consumption - Region 2 - 3- year average per capita consumption | D48: Ml/d | E48: Price Review 2024 | N48: 134.78262 | O48: 139.11524 | P48: 139.47421 | Q48: 142.44239 | R48: 132.09925 | S48: 127.18896 | T48: 123.5546 | U48: 124.95862 | V48: 123.62106 | W48: 122.30972 | X48: 120.96262
A49: PRT | B49: OUT4_08_C_PR24 | C49: Underlying calculations for common performance commitments - water and combined - Per capita consumption - Company level - 3- year average per capita consumption | D49: l/p/d | E49: Price Review 2024 | N49: 149.31032 | O49: 157.22387 | P49: 160.2642 | Q49: 161.13101 | R49: 155.73755 | S49: 154.61956 | T49: 155.5985 | U49: 155.39464 | V49: 153.25653 | W49: 150.19991 | X49: 145.95288
A50: PRT | B50: OUT4_09_C_PR24 | C50: Underlying calculations for common performance commitments - water and combined - Per capita consumption - Region 1 - 3- year average per capita consumption | D50: l/p/d | E50: Price Review 2024
A51: PRT | B51: OUT4_10_C_PR24 | C51: Underlying calculations for common performance commitments - water and combined - Per capita consumption - Region 2 - 3- year average per capita consumption | D51: Ml/d | E51: Price Review 2024
A52: SEW | B52: OUT4_08_C_PR24 | C52: Underlying calculations for common performance commitments - water and combined - Per capita consumption - Company level - 3- year average per capita consumption | D52: l/p/d | E52: Price Review 2024 | N52: 147.05025 | O52: 153.44294 | P52: 156.90978 | Q52: 158.25799 | R52: 150.76235 | S52: 145.02385 | T52: 141.54111 | U52: 139.73104 | V52: 137.8892 | W52: 135.85261 | X52: 133.71933
A53: SEW | B53: OUT4_09_C_PR24 | C53: Underlying calculations for common performance commitments - water and combined - Per capita consumption - Region 1 - 3- year average per capita consumption | D53: l/p/d | E53: Price Review 2024
A54: SEW | B54: OUT4_10_C_PR24 | C54: Underlying calculations for common performance commitments - water and combined - Per capita consumption - Region 2 - 3- year average per capita consumption | D54: Ml/d | E54: Price Review 2024
A55: SES | B55: OUT4_08_C_PR24 | C55: Underlying calculations for common performance commitments - water and combined - Per capita consumption - Company level - 3- year average per capita consumption | D55: l/p/d | E55: Price Review 2024 | N55: 149.00575 | O55: 154.59017 | P55: 152.6352 | Q55: 155.13209 | R55: 149.39938 | S55: 144.65472 | T55: 139.37789 | U55: 134.8648 | V55: 132.85343 | W55: 130.83328 | X55: 128.89593
A56: SES | B56: OUT4_09_C_PR24 | C56: Underlying calculations for common performance commitments - water and combined - Per capita consumption - Region 1 - 3- year average per capita consumption | D56: l/p/d | E56: Price Review 2024
A57: SES | B57: OUT4_10_C_PR24 | C57: Underlying calculations for common performance commitments - water and combined - Per capita consumption - Region 2 - 3- year average per capita consumption | D57: Ml/d | E57: Price Review 2024
A60: END

Sheet PCC.Inputs
A1: =RIGHT(CELL("filename", A1), LEN(CELL("filename", A1)) - SEARCH("]", CELL("filename", A1))) -> PCC.Inputs
L2: 2014-15 | M2: 2015-16 | N2: 2016-17 | O2: 2017-18 | P2: 2018-19 | Q2: 2019-20 | R2: 2020-21 | S2: 2021-22 | T2: 2022-23 | U2: 2023-24 | V2: 2024-25
E3: Company | F3: Performance Commitment | G3: Measure | H3: Unit | I3: Helper 1 | J3: Helper 2
A7: PCC Performance as reported in business plan submissions
E9: ANH | F9: PCC | G9: 3-Year average consumption | H9: l/p/d | I9: {=_xlfn.IFS(E9="UUW","NWT",OR(E9="NES (NNE)",E9="NES (ESK)"),"NES",OR(E9="SSC (SST)",E9="SSC (CAM)"),"SSC",TRUE,E9)} -> ANH | J9: OUT4_08_C_PR24 | Q9: =SUMIFS(F_Inputs!N$7:N$132,F_Inputs!$A$7:$A$132,PCC.Inputs!$I9,F_Inputs!$B$7:$B$132,PCC.Inputs!$J9) -> 134.99391 | R9: =SUMIFS(F_Inputs!O$7:O$132,F_Inputs!$A$7:$A$132,PCC.Inputs!$I9,F_Inputs!$B$7:$B$132,PCC.Inputs!$J9) -> 139.03659 | S9: =SUMIFS(F_Inputs!P$7:P$132,F_Inputs!$A$7:$A$132,PCC.Inputs!$I9,F_Inputs!$B$7:$B$132,PCC.Inputs!$J9) -> 138.72994 | T9: =SUMIFS(F_Inputs!Q$7:Q$132,F_Inputs!$A$7:$A$132,PCC.Inputs!$I9,F_Inputs!$B$7:$B$132,PCC.Inputs!$J9) -> 138.40089 | U9: =SUMIFS(F_Inputs!R$7:R$132,F_Inputs!$A$7:$A$132,PCC.Inputs!$I9,F_Inputs!$B$7:$B$132,PCC.Inputs!$J9) -> 131.94799
E10: WSH | F10: PCC | G10: 3-Year average consumption | H10: l/p/d | I10: {=_xlfn.IFS(E10="UUW","NWT",OR(E10="NES (NNE)",E10="NES (ESK)"),"NES",OR(E10="SSC (SST)",E10="SSC (CAM)"),"SSC",TRUE,E10)} -> WSH | J10: OUT4_08_C_PR24 | Q10: =SUMIFS(F_Inputs!N$7:N$132,F_Inputs!$A$7:$A$132,PCC.Inputs!$I10,F_Inputs!$B$7:$B$132,PCC.Inputs!$J10) -> 145.70441 | R10: =SUMIFS(F_Inputs!O$7:O$132,F_Inputs!$A$7:$A$132,PCC.Inputs!$I10,F_Inputs!$B$7:$B$132,PCC.Inputs!$J10) -> 151.45371 | S10: =SUMIFS(F_Inputs!P$7:P$132,F_Inputs!$A$7:$A$132,PCC.Inputs!$I10,F_Inputs!$B$7:$B$132,PCC.Inputs!$J10) -> 153.85332 | T10: =SUMIFS(F_Inputs!Q$7:Q$132,F_Inputs!$A$7:$A$132,PCC.Inputs!$I10,F_Inputs!$B$7:$B$132,PCC.Inputs!$J10) -> 154.79902 | U10: =SUMIFS(F_Inputs!R$7:R$132,F_Inputs!$A$7:$A$132,PCC.Inputs!$I10,F_Inputs!$B$7:$B$132,PCC.Inputs!$J10) -> 150.68517
E11: HDD | F11: PCC | G11: 3-Year average consumption | H11: l/p/d | I11: {=_xlfn.IFS(E11="UUW","NWT",OR(E11="NES (NNE)",E11="NES (ESK)"),"NES",OR(E11="SSC (SST)",E11="SSC (CAM)"),"SSC",TRUE,E11)} -> HDD | J11: OUT4_08_C_PR24 | Q11: =SUMIFS(F_Inputs!N$7:N$132,F_Inputs!$A$7:$A$132,PCC.Inputs!$I11,F_Inputs!$B$7:$B$132,PCC.Inputs!$J11) -> 128.94099 | R11: =SUMIFS(F_Inputs!O$7:O$132,F_Inputs!$A$7:$A$132,PCC.Inputs!$I11,F_Inputs!$B$7:$B$132,PCC.Inputs!$J11) -> 131.37978 | S11: =SUMIFS(F_Inputs!P$7:P$132,F_Inputs!$A$7:$A$132,PCC.Inputs!$I11,F_Inputs!$B$7:$B$132,PCC.Inputs!$J11) -> 133.65367 | T11: =SUMIFS(F_Inputs!Q$7:Q$132,F_Inputs!$A$7:$A$132,PCC.Inputs!$I11,F_Inputs!$B$7:$B$132,PCC.Inputs!$J11) -> 135.07889 | U11: =SUMIFS(F_Inputs!R$7:R$132,F_Inputs!$A$7:$A$132,PCC.Inputs!$I11,F_Inputs!$B$7:$B$132,PCC.Inputs!$J11) -> 130.59066
E12: NES | F12: PCC | G12: 3-Year average consumption | H12: l/p/d | I12: {=_xlfn.IFS(E12="UUW","NWT",OR(E12="NES (NNE)",E12="NES (ESK)"),"NES",OR(E12="SSC (SST)",E12="SSC (CAM)"),"SSC",TRUE,E12)} -> NES | J12: OUT4_08_C_PR24 | Q12: =SUMIFS(F_Inputs!N$7:N$132,F_Inputs!$A$7:$A$132,PCC.Inputs!$I12,F_Inputs!$B$7:$B$132,PCC.Inputs!$J12) -> 150.65617 | R12: =SUMIFS(F_Inputs!O$7:O$132,F_Inputs!$A$7:$A$132,PCC.Inputs!$I12,F_Inputs!$B$7:$B$132,PCC.Inputs!$J12) -> 156.29896 | S12: =SUMIFS(F_Inputs!P$7:P$132,F_Inputs!$A$7:$A$132,PCC.Inputs!$I12,F_Inputs!$B$7:$B$132,PCC.Inputs!$J12) -> 157.71714 | T12: =SUMIFS(F_Inputs!Q$7:Q$132,F_Inputs!$A$7:$A$132,PCC.Inputs!$I12,F_Inputs!$B$7:$B$132,PCC.Inputs!$J12) -> 159.10008 | U12: =SUMIFS(F_Inputs!R$7:R$132,F_Inputs!$A$7:$A$132,PCC.Inputs!$I12,F_Inputs!$B$7:$B$132,PCC.Inputs!$J12) -> 154.71209
E13: NES (NNE) | F13: PCC | G13: 3-Year average consumption (Region 1) | H13: l/p/d | I13: {=_xlfn.IFS(E13="UUW","NWT",OR(E13="NES (NNE)",E13="NES (ESK)"),"NES",OR(E13="SSC (SST)",E13="SSC (CAM)"),"SSC",TRUE,E13)} -> NES | J13: OUT4_09_C_PR24 | Q13: =SUMIFS(F_Inputs!N$7:N$132,F_Inputs!$A$7:$A$132,PCC.Inputs!$I13,F_Inputs!$B$7:$B$132,PCC.Inputs!$J13) -> 145.94755 | R13: =SUMIFS(F_Inputs!O$7:O$132,F_Inputs!$A$7:$A$132,PCC.Inputs!$I13,F_Inputs!$B$7:$B$132,PCC.Inputs!$J13) -> 152.265 | S13: =SUMIFS(F_Inputs!P$7:P$132,F_Inputs!$A$7:$A$132,PCC.Inputs!$I13,F_Inputs!$B$7:$B$132,PCC.Inputs!$J13) -> 155.28117 | T13: =SUMIFS(F_Inputs!Q$7:Q$132,F_Inputs!$A$7:$A$132,PCC.Inputs!$I13,F_Inputs!$B$7:$B$132,PCC.Inputs!$J13) -> 157.89837 | U13: =SUMIFS(F_Inputs!R$7:R$132,F_Inputs!$A$7:$A$132,PCC.Inputs!$I13,F_Inputs!$B$7:$B$132,PCC.Inputs!$J13) -> 154.40186
E14: NES (ESK) | F14: PCC | G14: 3-Year average consumption (Region 2) | H14: l/p/d | I14: {=_xlfn.IFS(E14="UUW","NWT",OR(E14="NES (NNE)",E14="NES (ESK)"),"NES",OR(E14="SSC (SST)",E14="SSC (CAM)"),"SSC",TRUE,E14)} -> NES | J14: OUT4_10_C_PR24 | Q14: =SUMIFS(F_Inputs!N$7:N$132,F_Inputs!$A$7:$A$132,PCC.Inputs!$I14,F_Inputs!$B$7:$B$132,PCC.Inputs!$J14) -> 156.82409 | R14: =SUMIFS(F_Inputs!O$7:O$132,F_Inputs!$A$7:$A$132,PCC.Inputs!$I14,F_Inputs!$B$7:$B$132,PCC.Inputs!$J14) -> 161.57244 | S14: =SUMIFS(F_Inputs!P$7:P$132,F_Inputs!$A$7:$A$132,PCC.Inputs!$I14,F_Inputs!$B$7:$B$132,PCC.Inputs!$J14) -> 160.90772 | T14: =SUMIFS(F_Inputs!Q$7:Q$132,F_Inputs!$A$7:$A$132,PCC.Inputs!$I14,F_Inputs!$B$7:$B$132,PCC.Inputs!$J14) -> 160.69273 | U14: =SUMIFS(F_Inputs!R$7:R$132,F_Inputs!$A$7:$A$132,PCC.Inputs!$I14,F_Inputs!$B$7:$B$132,PCC.Inputs!$J14) -> 155.13372
E15: SVE | F15: PCC | G15: 3-Year average consumption | H15: l/p/d | I15: {=_xlfn.IFS(E15="UUW","NWT",OR(E15="NES (NNE)",E15="NES (ESK)"),"NES",OR(E15="SSC (SST)",E15="SSC (CAM)"),"SSC",TRUE,E15)} -> SVE | J15: OUT4_08_C_PR24 | Q15: =SUMIFS(F_Inputs!N$7:N$132,F_Inputs!$A$7:$A$132,PCC.Inputs!$I15,F_Inputs!$B$7:$B$132,PCC.Inputs!$J15) -> 133.7 | R15: =SUMIFS(F_Inputs!O$7:O$132,F_Inputs!$A$7:$A$132,PCC.Inputs!$I15,F_Inputs!$B$7:$B$132,PCC.Inputs!$J15) -> 137.13333 | S15: =SUMIFS(F_Inputs!P$7:P$132,F_Inputs!$A$7:$A$132,PCC.Inputs!$I15,F_Inputs!$B$7:$B$132,PCC.Inputs!$J15) -> 138.4 | T15: =SUMIFS(F_Inputs!Q$7:Q$132,F_Inputs!$A$7:$A$132,PCC.Inputs!$I15,F_Inputs!$B$7:$B$132,PCC.Inputs!$J15) -> 137.53196 | U15: =SUMIFS(F_Inputs!R$7:R$132,F_Inputs!$A$7:$A$132,PCC.Inputs!$I15,F_Inputs!$B$7:$B$132,PCC.Inputs!$J15) -> 131.25653
E16: SWB | F16: PCC | G16: 3-Year average consumption | H16: l/p/d | I16: {=_xlfn.IFS(E16="UUW","NWT",OR(E16="NES (NNE)",E16="NES (ESK)"),"NES",OR(E16="SSC (SST)",E16="SSC (CAM)"),"SSC",TRUE,E16)} -> SWB | J16: OUT4_08_C_PR24 | Q16: =SUMIFS(F_Inputs!N$7:N$132,F_Inputs!$A$7:$A$132,PCC.Inputs!$I16,F_Inputs!$B$7:$B$132,PCC.Inputs!$J16) -> 146.01339 | R16: =SUMIFS(F_Inputs!O$7:O$132,F_Inputs!$A$7:$A$132,PCC.Inputs!$I16,F_Inputs!$B$7:$B$132,PCC.Inputs!$J16) -> 144.91414 | S16: =SUMIFS(F_Inputs!P$7:P$132,F_Inputs!$A$7:$A$132,PCC.Inputs!$I16,F_Inputs!$B$7:$B$132,PCC.Inputs!$J16) -> 142.08015 | T16: =SUMIFS(F_Inputs!Q$7:Q$132,F_Inputs!$A$7:$A$132,PCC.Inputs!$I16,F_Inputs!$B$7:$B$132,PCC.Inputs!$J16) -> 144.93632 | U16: =SUMIFS(F_Inputs!R$7:R$132,F_Inputs!$A$7:$A$132,PCC.Inputs!$I16,F_Inputs!$B$7:$B$132,PCC.Inputs!$J16) -> 147.79297
E17: SRN | F17: PCC | G17: 3-Year average consumption | H17: l/p/d | I17: {=_xlfn.IFS(E17="UUW","NWT",OR(E17="NES (NNE)",E17="NES (ESK)"),"NES",OR(E17="SSC (SST)",E17="SSC (CAM)"),"SSC",TRUE,E17)} -> SRN | J17: OUT4_08_C_PR24 | Q17: =SUMIFS(F_Inputs!N$7:N$132,F_Inputs!$A$7:$A$132,PCC.Inputs!$I17,F_Inputs!$B$7:$B$132,PCC.Inputs!$J17) -> 127.96312 | R17: =SUMIFS(F_Inputs!O$7:O$132,F_Inputs!$A$7:$A$132,PCC.Inputs!$I17,F_Inputs!$B$7:$B$132,PCC.Inputs!$J17) -> 131.74576 | S17: =SUMIFS(F_Inputs!P$7:P$132,F_Inputs!$A$7:$A$132,PCC.Inputs!$I17,F_Inputs!$B$7:$B$132,PCC.Inputs!$J17) -> 132.77548 | T17: =SUMIFS(F_Inputs!Q$7:Q$132,F_Inputs!$A$7:$A$132,PCC.Inputs!$I17,F_Inputs!$B$7:$B$132,PCC.Inputs!$J17) -> 133.42672 | U17: =SUMIFS(F_Inputs!R$7:R$132,F_Inputs!$A$7:$A$132,PCC.Inputs!$I17,F_Inputs!$B$7:$B$132,PCC.Inputs!$J17) -> 130.32224
E18: TMS | F18: PCC | G18: 3-Year average consumption | H18: l/p/d | I18: {=_xlfn.IFS(E18="UUW","NWT",OR(E18="NES (NNE)",E18="NES (ESK)"),"NES",OR(E18="SSC (SST)",E18="SSC (CAM)"),"SSC",TRUE,E18)} -> TMS | J18: OUT4_08_C_PR24 | Q18: =SUMIFS(F_Inputs!N$7:N$132,F_Inputs!$A$7:$A$132,PCC.Inputs!$I18,F_Inputs!$B$7:$B$132,PCC.Inputs!$J18) -> 145.22165 | R18: =SUMIFS(F_Inputs!O$7:O$132,F_Inputs!$A$7:$A$132,PCC.Inputs!$I18,F_Inputs!$B$7:$B$132,PCC.Inputs!$J18) -> 147.55806 | S18: =SUMIFS(F_Inputs!P$7:P$132,F_Inputs!$A$7:$A$132,PCC.Inputs!$I18,F_Inputs!$B$7:$B$132,PCC.Inputs!$J18) -> 146.71431 | T18: =SUMIFS(F_Inputs!Q$7:Q$132,F_Inputs!$A$7:$A$132,PCC.Inputs!$I18,F_Inputs!$B$7:$B$132,PCC.Inputs!$J18) -> 145.3399 | U18: =SUMIFS(F_Inputs!R$7:R$132,F_Inputs!$A$7:$A$132,PCC.Inputs!$I18,F_Inputs!$B$7:$B$132,PCC.Inputs!$J18) -> 140.65564
E19: UUW | F19: PCC | G19: 3-Year average consumption | H19: l/p/d | I19: {=_xlfn.IFS(E19="UUW","NWT",OR(E19="NES (NNE)",E19="NES (ESK)"),"NES",OR(E19="SSC (SST)",E19="SSC (CAM)"),"SSC",TRUE,E19)} -> NWT | J19: OUT4_08_C_PR24 | Q19: =SUMIFS(F_Inputs!N$7:N$132,F_Inputs!$A$7:$A$132,PCC.Inputs!$I19,F_Inputs!$B$7:$B$132,PCC.Inputs!$J19) -> 144.03057 | R19: =SUMIFS(F_Inputs!O$7:O$132,F_Inputs!$A$7:$A$132,PCC.Inputs!$I19,F_Inputs!$B$7:$B$132,PCC.Inputs!$J19) -> 146.54161 | S19: =SUMIFS(F_Inputs!P$7:P$132,F_Inputs!$A$7:$A$132,PCC.Inputs!$I19,F_Inputs!$B$7:$B$132,PCC.Inputs!$J19) -> 146.06053 | T19: =SUMIFS(F_Inputs!Q$7:Q$132,F_Inputs!$A$7:$A$132,PCC.Inputs!$I19,F_Inputs!$B$7:$B$132,PCC.Inputs!$J19) -> 144.73074 | U19: =SUMIFS(F_Inputs!R$7:R$132,F_Inputs!$A$7:$A$132,PCC.Inputs!$I19,F_Inputs!$B$7:$B$132,PCC.Inputs!$J19) -> 140.40208
E20: WSX | F20: PCC | G20: 3-Year average consumption | H20: l/p/d | I20: {=_xlfn.IFS(E20="UUW","NWT",OR(E20="NES (NNE)",E20="NES (ESK)"),"NES",OR(E20="SSC (SST)",E20="SSC (CAM)"),"SSC",TRUE,E20)} -> WSX | J20: OUT4_08_C_PR24 | Q20: =SUMIFS(F_Inputs!N$7:N$132,F_Inputs!$A$7:$A$132,PCC.Inputs!$I20,F_Inputs!$B$7:$B$132,PCC.Inputs!$J20) -> 137.82381 | R20: =SUMIFS(F_Inputs!O$7:O$132,F_Inputs!$A$7:$A$132,PCC.Inputs!$I20,F_Inputs!$B$7:$B$132,PCC.Inputs!$J20) -> 143.13763 | S20: =SUMIFS(F_Inputs!P$7:P$132,F_Inputs!$A$7:$A$132,PCC.Inputs!$I20,F_Inputs!$B$7:$B$132,PCC.Inputs!$J20) -> 144.99667 | T20: =SUMIFS(F_Inputs!Q$7:Q$132,F_Inputs!$A$7:$A$132,PCC.Inputs!$I20,F_Inputs!$B$7:$B$132,PCC.Inputs!$J20) -> 145.15481 | U20: =SUMIFS(F_Inputs!R$7:R$132,F_Inputs!$A$7:$A$132,PCC.Inputs!$I20,F_Inputs!$B$7:$B$132,PCC.Inputs!$J20) -> 138.83639
... E29: SES | F29: PCC | G29: 3-Year average consumption | H29: l/p/d | I29: {=_xlfn.IFS(E29="UUW","NWT",OR(E29="NES (NNE)",E29="NES (ESK)"),"NES",OR(E29="SSC (SST)",E29="SSC (CAM)"),"SSC",TRUE,E29)} -> SES | J29: OUT4_08_C_PR24 | Q29: =SUMIFS(F_Inputs!N$7:N$132,F_Inputs!$A$7:$A$132,PCC.Inputs!$I29,F_Inputs!$B$7:$B$132,PCC.Inputs!$J29) -> 149.00575 | R29: =SUMIFS(F_Inputs!O$7:O$132,F_Inputs!$A$7:$A$132,PCC.Inputs!$I29,F_Inputs!$B$7:$B$132,PCC.Inputs!$J29) -> 154.59017 | S29: =SUMIFS(F_Inputs!P$7:P$132,F_Inputs!$A$7:$A$132,PCC.Inputs!$I29,F_Inputs!$B$7:$B$132,PCC.Inputs!$J29) -> 152.6352 | T29: =SUMIFS(F_Inputs!Q$7:Q$132,F_Inputs!$A$7:$A$132,PCC.Inputs!$I29,F_Inputs!$B$7:$B$132,PCC.Inputs!$J29) -> 155.13209 | U29: =SUMIFS(F_Inputs!R$7:R$132,F_Inputs!$A$7:$A$132,PCC.Inputs!$I29,F_Inputs!$B$7:$B$132,PCC.Inputs!$J29) -> 149.39938
A31: PCC performance (reported in terms of historical reporting methodologies)
E33: ANH | F33: PCC | G33: 3-Year average consumption | H33: l/p/d | L33: 133.3 | M33: 135.4 | N33: 135.6 | O33: 136.8 | P33: 136.9
E34: WSH | F34: PCC | G34: 3-Year average consumption | H34: l/p/d | L34: - | M34: - | N34: - | O34: - | P34: -
E35: HDD | F35: PCC | G35: 3-Year average consumption | H35: l/p/d | L35: - | M35: - | N35: - | O35: - | P35: 141.4
E36: NES | F36: PCC | G36: 3-Year average consumption | H36: l/p/d | L36: - | M36: - | N36: - | O36: - | P36: -
E37: NES (NNE) | F37: PCC | G37: 3-Year average consumption (Region 1) | H37: l/p/d | L37: - | M37: - | N37: - | O37: - | P37: -
E38: NES (ESK) | F38: PCC | G38: 3-Year average consumption (Region 2) | H38: l/p/d | L38: - | M38: - | N38: - | O38: - | P38: -
E39: SVE | F39: PCC | G39: 3-Year average consumption | H39: l/p/d | L39: - | M39: - | N39: - | O39: - | P39: 132.76
E40: SWB | F40: PCC | G40: 3-Year average consumption | H40: l/p/d | L40: - | M40: - | N40: - | O40: - | P40: -
E41: SRN | F41: PCC | G41: 3-Year average consumption | H41: l/p/d | L41: 134.8 | M41: 129.7 | N41: 131.29 | O41: 128.9 | P41: 129.9
E42: TMS | F42: PCC | G42: 3-Year average consumption | H42: l/p/d | L42: 150.71411 | M42: 150.31192 | N42: 149.90972 | O42: 149.50753 | P42: 149.10533
E43: UUW | F43: PCC | G43: 3-Year average consumption | H43: l/p/d | L43: 130 | M43: 129.6 | N43: 138.9 | O43: 141.9 | P43: 143.7
E44: WSX | F44: PCC | G44: 3-Year average consumption | H44: l/p/d | L44: 138 | M44: 137.6 | N44: 140.7 | O44: 142.8 | P44: 146.2
E45: YKY | F45: PCC | G45: 3-Year average consumption | H45: l/p/d | L45: 133.3 | M45: 133.1 | N45: 134.5 | O45: 133 | P45: 133.5
E46: AFW | F46: PCC | G46: 3-Year average consumption | H46: l/p/d | L46: 148.3 | M46: 151.6 | N46: 153.8 | O46: 151 | P46: 158.8
E47: BRL | F47: PCC | G47: 3-Year average consumption | H47: l/p/d | L47: 143 | M47: 141.1 | N47: 144.1 | O47: 144.5 | P47: 148.3
E48: SSC | F48: PCC | G48: 3-Year average consumption | H48: l/p/d | L48: 129.25 | M48: 129.59 | N48: 129.85 | O48: 133.09 | P48: 136.41
E49: SSC (SST) | F49: PCC | G49: 3-Year average consumption (Region 1) | H49: l/p/d | L49: - | M49: - | N49: - | O49: - | P49: -
E50: SSC (CAM) | F50: PCC | G50: 3-Year average consumption (Region 2) | H50: l/p/d | L50: - | M50: - | N50: - | O50: - | P50: -
E51: PRT | F51: PCC | G51: 3-Year average consumption | H51: l/p/d | L51: 145.55 | M51: 143.29 | N51: 145.1 | O51: 147.54 | P51: 152.39
E52: SEW | F52: PCC | G52: 3-Year average consumption | H52: l/p/d | L52: - | M52: - | N52: - | O52: - | P52: -
E53: SES | F53: PCC | G53: 3-Year average consumption | H53: l/p/d | L53: 161.1 | M53: 160.9 | N53: 159.73 | O53: 158.8 | P53: 162.62
A55: Historical Performance Commitment Level (PCL) for PR14
E57: ANH | F57: PCC | G57: PR14 PCL | H57: l/p/d | L57: 133.3 | M57: 131.9 | N57: 130.5 | O57: 129.1 | P57: 127.7
E58: WSH | F58: PCC | G58: PR14 PCL | H58: l/p/d | L58: - | M58: - | N58: - | O58: -
E59: HDD | F59: PCC | G59: PR14 PCL | H59: l/p/d | L59: - | M59: - | N59: - | O59: - | P59: 128.37
E60: NES | F60: PCC | G60: PR14 PCL | H60: l/p/d | L60: - | M60: - | N60: - | O60: - | P60: -
E61: NES (NNE) | F61: PCC | G61: PR14 PCL | H61: l/p/d | L61: - | M61: - | N61: - | O61: - | P61: -
E62: NES (ESK) | F62: PCC | G62: PR14 PCL | H62: l/p/d | L62: - | M62: - | N62: - | O62: - | P62: -
E63: SVE | F63: PCC | G63: PR14 PCL | H63: l/p/d | L63: - | M63: - | N63: - | O63: - | P63: 128.37
E64: SWB | F64: PCC | G64: PR14 PCL | H64: l/p/d | L64: - | M64: - | N64: - | O64: - | P64: -
E65: SRN | F65: PCC | G65: PR14 PCL | H65: l/p/d | L65: 147.2 | M65: 144.5 | N65: 141.8 | O65: 139.1 | P65: 136.4
E66: TMS | F66: PCC | G66: PR14 PCL | H66: l/p/d | L66: - | M66: - | N66: - | O66: - | P66: -
E67: UUW | F67: PCC | G67: PR14 PCL | H67: l/p/d | L67: - | M67: - | N67: - | O67: - | P67: -
E68: WSX | F68: PCC | G68: PR14 PCL | H68: l/p/d | L68: 137 | M68: 135 | N68: 134 | O68: 133 | P68: 132
E69: YKY | F69: PCC | G69: PR14 PCL | H69: l/p/d | L69: 143.7 | M69: 142.6 | N69: 141.5 | O69: 140.4 | P69: 139.3
E70: AFW | F70: PCC | G70: PR14 PCL | H70: l/p/d | L70: 158.4 | M70: 156.3 | N70: 155.6 | O70: 153.3 | P70: 150.3
E71: BRL | F71: PCC | G71: PR14 PCL | H71: l/p/d | L71: 145.6 | M71: 145.4 | N71: 144.5 | O71: 143.6 | P71: 142.8
E72: SSC | F72: PCC | G72: PR14 PCL | H72: l/p/d | L72: - | M72: - | N72: - | O72: - | P72: -
E73: SSC (SST) | F73: PCC | G73: PR14 PCL | H73: l/p/d | L73: - | M73: - | N73: - | O73: - | P73: -
E74: SSC (CAM) | F74: PCC | G74: PR14 PCL | H74: l/p/d | L74: - | M74: - | N74: - | O74: - | P74: -
E75: PRT | F75: PCC | G75: PR14 PCL | H75: l/p/d | L75: 147.29 | M75: 146.63 | N75: 145.96 | O75: 145.29 | P75: 144.61
E76: SEW | F76: PCC | G76: PR14 PCL | H76: l/p/d | L76: - | M76: - | N76: - | O76: - | P76: -
E77: SES | F77: PCC | G77: PR14 PCL | H77: l/p/d | L77: 162.8 | M77: 161.2 | N77: 160 | O77: 158.8 | P77: 157.7
A79: Historical Performance Commitment Level (PCL) for PR19
E81: ANH | F81: PCC | G81: PR19 PCL | H81: l/p/d | Q81: 135.59088 | R81: 133.92 | S81: 132.3 | T81: 130.68 | U81: 127.44 | V81: 127.44
E82: WSH | F82: PCC | G82: PR19 PCL | H82: l/p/d | Q82: 155.81055 | R82: 153.681 | S82: 152.12867 | T82: 150.57633 | U82: 145.45 | V82: 145.45363
E83: HDD | F83: PCC | G83: PR19 PCL | H83: l/p/d | Q83: 133.39011 | R83: 132.26547 | S83: 131.06427 | T83: 129.86307 | U83: 127.86 | V83: 127.86107
E84: NES | F84: PCC | G84: PR19 PCL | H84: l/p/d | Q84: 151.17271 | R84: 149.42827 | S84: 147.92193 | T84: 146.26497 | U84: 142.65 | V84: 142.64977
E85: NES (NNE) | F85: PCC | G85: PR19 PCL | H85: l/p/d | Q85: - | R85: - | S85: - | T85: - | U85: - | V85: -
E86: NES (ESK) | F86: PCC | G86: PR19 PCL | H86: l/p/d | Q86: - | R86: - | S86: - | T86: - | U86: - | V86: -
E87: SVE | F87: PCC | G87: PR19 PCL | H87: l/p/d | Q87: 130.1164 | R87: 129.1893 | S87: 128.2786 | T87: 127.3679 | U87: 125.55 | V87: 125.5465
E88: SWB | F88: PCC | G88: PR19 PCL | H88: l/p/d | Q88: 146.31798 | R88: 144.394 | S88: 142.642 | T88: 140.744 | U88: 136.95 | V88: 136.948
E89: SRN | F89: PCC | G89: PR19 PCL | H89: l/p/d | Q89: 128.7537 | R89: 126.687 | S89: 125.40733 | T89: 122.4641 | U89: 118.75 | V89: 118.75307
E90: TMS | F90: PCC | G90: PR19 PCL | H90: l/p/d | Q90: 146.2912 | R90: 144.32807 | S90: 142.57687 | T90: 140.9716 | U90: 136.74 | V90: 136.73953
E91: UUW | F91: PCC | G91: PR19 PCL | H91: l/p/d | Q91: 143.98726 | R91: 142.128 | S91: 140.256 | T91: 138.384 | U91: 134.93 | V91: 134.928
E92: WSX | F92: PCC | G92: PR19 PCL | H92: l/p/d | Q92: 137.97276 | R92: 137.6955 | S92: 137.55767 | T92: 137.41983 | U92: 136.59 | V92: 136.59283
E93: YKY | F93: PCC | G93: PR19 PCL | H93: l/p/d | Q93: 127.30306 | R93: 125.1232 | S93: 121.9182 | T93: 118.7132 | U93: 116.79 | V93: 116.7902
E94: AFW | F94: PCC | G94: PR19 PCL | H94: l/p/d | Q94: 156.96517 | R94: 152.4633 | S94: 147.5001 | T94: 143.7777 | U94: 135.71 | V94: 135.7125
E95: BRL | F95: PCC | G95: PR19 PCL | H95: l/p/d | Q95: 148.85349 | R95: 146.9314 | S95: 144.99613 | T95: 143.06087 | U95: 139.49 | V95: 139.48807
E96: SSC | F96: PCC | G96: PR19 PCL | H96: l/p/d | Q96: - | R96: - | S96: - | T96: - | U96: - | V96: -
E97: SSC (SST) | F97: PCC | G97: PR19 PCL | H97: l/p/d | Q97: 128.3125 | R97: 128.1188 | S97: 127.99017 | T97: 127.7329 | U97: 127.35 | V97: 127.347
E98: SSC (CAM) | F98: PCC | G98: PR19 PCL | H98: l/p/d | Q98: 134.95881 | R98: 133.1824 | S98: 131.43 | T98: 129.8124 | U98: 126.31 | V98: 126.3076
E99: PRT | F99: PCC | G99: PR19 PCL | H99: l/p/d | Q99: 150.85334 | R99: 148.9054 | S99: 147.095 | T99: 145.13373 | U99: 141.36 | V99: 141.36207
E100: SEW | F100: PCC | G100: PR19 PCL | H100: l/p/d | Q100: 144.70115 | R100: 142.416 | S100: 139.824 | T100: 137.376 | U100: 133.63 | V100: 133.632
E101: SES | F101: PCC | G101: PR19 PCL | H101: l/p/d | Q101: 149.40521 | R101: 147.246 | S101: 145.31247 | T101: 143.08147 | U101: 138.92 | V101: 138.91693
A103: END

Sheet NHH.Inputs
A1: =RIGHT(CELL("filename", A1), LEN(CELL("filename", A1)) - SEARCH("]", CELL("filename", A1))) -> NHH.Inputs
K2: 2011-12 | L2: 2012-13 | M2: 2013-14 | N2: 2014-15 | O2: 2015-16 | P2: 2016-17 | Q2: 2017-18 | R2: 2018-19 | S2: 2019-20 | T2: 2020-21 | U2: 2021-22 | V2: 2022-23
E3: Company | F3: Performance Commitment | G3: Measure | H3: Unit | I3: Helper 1
A7: NHH Performance - Measured consumption (August 2022 Data Request for Enhancement and Water Balance)
E9: ANH | F9: NHH | G9: Measured non-household consumption (excluding supply pipe leakage) | H9: Ml/d | K9: 256.1867 | L9: 268.71515 | M9: 271.7221 | N9: 269.13362 | O9: 266.5032 | P9: 266.79385 | Q9: 273.94122 | R9: 290.27595 | S9: 283.89642
E10: WSH | F10: NHH | G10: Measured non-household consumption (excluding supply pipe leakage) | H10: Ml/d | K10: 180.5219 | L10: 167.38959 | M10: 170.56505 | N10: 174.88707 | O10: 168.65168 | P10: 173.24099 | Q10: 168.75674 | R10: 177.95661 | S10: 174.23922
E11: HDD | F11: NHH | G11: Measured non-household consumption (excluding supply pipe leakage) | H11: Ml/d | K11: 18.63832 | L11: 17.402594 | M11: 17.267477 | N11: 18.428015 | O11: 17.031067 | P11: 18.454921 | Q11: 18.640562 | R11: 14.757258 | S11: 14.412148
E12: NES | F12: NHH | G12: Measured non-household consumption (excluding supply pipe leakage) | H12: Ml/d | K12: 248.5 | L12: 232.83 | M12: 227.61 | N12: 226 | O12: 216.34 | P12: 226.86 | Q12: 214.54 | R12: 212.08 | S12: 210.35
E13: NES (NNE) | F13: NHH | G13: Measured non-household consumption (excluding supply pipe leakage) | H13: Ml/d | K13: 157.14 | L13: 152.21 | M13: 149.84 | N13: 149.5 | O13: 141.3 | P13: 146.43 | Q13: 139.32 | R13: 138.85 | S13: 137.7
E14: NES (ESK) | F14: NHH | G14: Measured non-household consumption (excluding supply pipe leakage) | H14: Ml/d | K14: 91.36 | L14: 80.62 | M14: 77.78 | N14: 76.5 | O14: 75.03 | P14: 80.42 | Q14: 75.22 | R14: 73.22 | S14: 72.65
E15: SVE | F15: NHH | G15: Measured non-household consumption (excluding supply pipe leakage) | H15: Ml/d | K15: 366.54773 | L15: 346.71925 | M15: 350.78411 | N15: 358.739 | O15: 369.66149 | P15: 356.78522 | Q15: 352.5347 | R15: 367.09314 | S15: 362.51228
E16: SWB | F16: NHH | G16: Measured non-household consumption (excluding supply pipe leakage) | H16: Ml/d | K16: 152.56568 | L16: 146.98318 | M16: 147.18615 | N16: 148.7949 | O16: 146.81682 | P16: 142.16004 | Q16: 142.68138 | R16: 149.34904 | S16: 137.34842
E17: SRN | F17: NHH | G17: Measured non-household consumption (excluding supply pipe leakage) | H17: Ml/d | K17: 89.0822 | L17: 98.629271 | M17: 98.482497 | N17: 100.9972 | O17: 103.04 | P17: 104.7557 | Q17: 112.90667 | R17: 115.31615 | S17: 108.43522
E18: TMS | F18: NHH | G18: Measured non-household consumption (excluding supply pipe leakage) | H18: Ml/d | K18: 480.82 | L18: 470.58 | M18: 485.54 | N18: 492.69 | O18: 484.15 | P18: 461.7 | Q18: 475.68 | R18: 464.63 | S18: 445.91294
E19: UUW | F19: NHH | G19: Measured non-household consumption (excluding supply pipe leakage) | H19: Ml/d | K19: 364.3366 | L19: 359.9819 | M19: 350.12891 | N19: 352.39186 | O19: 360.35446 | P19: 358.14049 | Q19: 351.89174 | R19: 363.44415 | S19: 364.49178
E20: WSX | F20: NHH | G20: Measured non-household consumption (excluding supply pipe leakage) | H20: Ml/d | K20: 83.39 | L20: 78.98 | M20: 81.87 | N20: 81.55 | O20: 81.43 | P20: 80.56 | Q20: 81.38 | R20: 83.52 | S20: 78.93
... E29: SES | F29: NHH | G29: Measured non-household consumption (excluding supply pipe leakage) | H29: Ml/d | K29: 24.512609 | L29: 23.8 | M29: 23.84 | N29: 24.48 | O29: 25.24 | P29: 25.77 | Q29: 23.26 | R29: 22.77 | S29: 23.26
A31: NHH Performance - Unmeasured consumption (August 2022 Data Request for Enhancement and Water Balance)
E33: ANH | F33: NHH | G33: Unmeasured non-household consumption (excluding supply pipe leakage) | H33: Ml/d | K33: 2.0107364 | L33: 1.8926338 | M33: 1.6357996 | N33: 1.4424881 | O33: 1.2227961 | P33: 1.1053871 | Q33: 0.75669702 | R33: 0.86105746 | S33: 0.82332588
E34: WSH | F34: NHH | G34: Unmeasured non-household consumption (excluding supply pipe leakage) | H34: Ml/d | K34: 5.1757947 | L34: 4.2704361 | M34: 4.3296226 | N34: 5.1460452 | O34: 4.7213679 | P34: 5.3633145 | Q34: 5.4128831 | R34: 5.6156115 | S34: 4.0029973
E35: HDD | F35: NHH | G35: Unmeasured non-household consumption (excluding supply pipe leakage) | H35: Ml/d | K35: 0.43687176 | L35: 0.58092877 | M35: 0.51654215 | N35: 0.40652966 | O35: 0.3478012 | P35: 0.67637251 | Q35: 0.71599 | R35: 1.2243589 | S35: 1.2967766
E36: NES | F36: NHH | G36: Unmeasured non-household consumption (excluding supply pipe leakage) | H36: Ml/d | K36: 6.25 | L36: 5.85 | M36: 5.77 | N36: 4.92 | O36: 6.31 | P36: 6.11 | Q36: 6.17 | R36: 5.92 | S36: 4.73
E37: NES (NNE) | F37: NHH | G37: Unmeasured non-household consumption (excluding supply pipe leakage) | H37: Ml/d | K37: 5.1 | L37: 4.76 | M37: 4.71 | N37: 3.91 | O37: 5.33 | P37: 4.99 | Q37: 5.07 | R37: 4.9 | S37: 3.77
E38: NES (ESK) | F38: NHH | G38: Unmeasured non-household consumption (excluding supply pipe leakage) | H38: Ml/d | K38: 1.15 | L38: 1.09 | M38: 1.06 | N38: 1.01 | O38: 0.98 | P38: 1.13 | Q38: 1.1 | R38: 1.01 | S38: 0.96
E39: SVE | F39: NHH | G39: Unmeasured non-household consumption (excluding supply pipe leakage) | H39: Ml/d | K39: 10.367204 | L39: 10.060209 | M39: 10.002952 | N39: 8.9771411 | O39: 8.6983484 | P39: 6.8550098 | Q39: 7.6470658 | R39: 7.1153833 | S39: 7.5796532
E40: SWB | F40: NHH | G40: Unmeasured non-household consumption (excluding supply pipe leakage) | H40: Ml/d | K40: 8.4784789 | L40: 8.6849777 | M40: 9.2751469 | N40: 8.8866816 | O40: 3.4433414 | P40: 4.2592115 | Q40: 3.1029755 | R40: 2.9431951 | S40: 3.0759909
E41: SRN | F41: NHH | G41: Unmeasured non-household consumption (excluding supply pipe leakage) | H41: Ml/d | K41: 4.5517788 | L41: 4.950232 | M41: 4.6053284 | N41: 5.1681622 | O41: 7.25 | P41: 4.4858696 | Q41: 5.3419657 | R41: 4.84 | S41: 4.0243382
E42: TMS | F42: NHH | G42: Unmeasured non-household consumption (excluding supply pipe leakage) | H42: Ml/d | K42: 20.69 | L42: 19.61 | M42: 15.85 | N42: 15.26 | O42: 15.47 | P42: 17.05 | Q42: 15.97 | R42: 14.26 | S42: 14.611728
E43: UUW | F43: NHH | G43: Unmeasured non-household consumption (excluding supply pipe leakage) | H43: Ml/d | K43: 13.486019 | L43: 12.792435 | M43: 11.252864 | N43: 10.084639 | O43: 9.7287472 | P43: 10.504601 | Q43: 13.938321 | R43: 13.372318 | S43: 12.849546
E44: WSX | F44: NHH | G44: Unmeasured non-household consumption (excluding supply pipe leakage) | H44: Ml/d | K44: 18.28 | L44: 17.69 | M44: 17.44 | N44: 17.45 | O44: 17.07 | P44: 17.02 | Q44: 16.83 | R44: 16.87 | S44: 16.28
... E53: SES | F53: NHH | G53: Unmeasured non-household consumption (excluding supply pipe leakage) | H53: Ml/d | K53: 0.58037889 | L53: 0.63 | M53: 0.61 | N53: 0.71 | O53: 0.71 | P53: 1.55 | Q53: 1.42 | R53: 1.84 | S53: 1.59
A55: WRMP14 Forecast
E57: ANH | F57: NHH | G57: WRMP14 Forecast - Total Water delivered NHH | H57: Ml/d | I57: =LEFT(E57,3) -> ANH | O57: 276.03191 | P57: 274.46118 | Q57: 272.89307 | R57: 271.9557 | S57: 271.01734 | T57: 270.10438 | U57: 269.16408 | V57: 268.22239
E58: WSH | F58: NHH | G58: WRMP14 Forecast - Total Water delivered NHH | H58: Ml/d | I58: =LEFT(E58,3) -> WSH | O58: - | P58: - | Q58: - | R58: - | S58: - | T58: - | U58: - | V58: -
E59: HDD | F59: NHH | G59: WRMP14 Forecast - Total Water delivered NHH | H59: Ml/d | I59: =LEFT(E59,3) -> HDD | O59: - | P59: - | Q59: - | R59: - | S59: - | T59: - | U59: - | V59: -
E60: NES (NNE) | F60: NHH | G60: WRMP14 Forecast - Total Water delivered NHH | H60: Ml/d | I60: =LEFT(E60,3) -> NES | O60: 154.89641 | P60: 154.86574 | Q60: 154.49071 | R60: 154.20499 | S60: 153.47829 | T60: 153.55041 | U60: 153.26431 | V60: 152.99355
E61: NES (ESK) | F61: NHH | G61: WRMP14 Forecast - Total Water delivered NHH | H61: Ml/d | I61: =LEFT(E61,3) -> NES | O61: 74.649217 | P61: 74.648291 | Q61: 74.644418 | R61: 74.519454 | S61: 74.203016 | T61: 74.350719 | U61: 74.283847 | V61: 74.282909
E62: SVE | F62: NHH | G62: WRMP14 Forecast - Total Water delivered NHH | H62: Ml/d | I62: =LEFT(E62,3) -> SVE | O62: 345.38169 | P62: 341.01748 | Q62: 336.05183 | R62: 331.38462 | S62: 326.17385 | T62: 324.33075 | U62: 321.85555 | V62: 319.56693
E63: SWB | F63: NHH | G63: WRMP14 Forecast - Total Water delivered NHH | H63: Ml/d | I63: =LEFT(E63,3) -> SWB | O63: 153.23331 | P63: 151.51868 | Q63: 149.87851 | R63: 148.36719 | S63: 146.82345 | T63: 145.52264 | U63: 144.1787 | V63: 142.87381
E64: SRN | F64: NHH | G64: WRMP14 Forecast - Total Water delivered NHH | H64: Ml/d | I64: =LEFT(E64,3) -> SRN | O64: 102.23823 | P64: 101.60046 | Q64: 101.46314 | R64: 101.53092 | S64: 101.05273 | T64: 100.85852 | U64: 100.51493 | V64: 100.0673
E65: TMS | F65: NHH | G65: WRMP14 Forecast - Total Water delivered NHH | H65: Ml/d | I65: =LEFT(E65,3) -> TMS | O65: 505.75165 | P65: 504.52108 | Q65: 502.08383 | R65: 499.59574 | S65: 496.58554 | T65: 494.48641 | U65: 492.35515 | V65: 491.86318
E66: UUW | F66: NHH | G66: WRMP14 Forecast - Total Water delivered NHH | H66: Ml/d | I66: =LEFT(E66,3) -> UUW | O66: 351.08443 | P66: 348.74198 | Q66: 346.51779 | R66: 344.29407 | S66: 342.02017 | T66: 339.88777 | U66: 337.8774 | V66: 335.91878
E67: WSX | F67: NHH | G67: WRMP14 Forecast - Total Water delivered NHH | H67: Ml/d | I67: =LEFT(E67,3) -> WSX | O67: 93.52653 | P67: 92.419317 | Q67: 91.284046 | R67: 90.18811 | S67: 89.179977 | T67: 87.678432 | U67: 86.233213 | V67: 84.779433
E68: YKY | F68: NHH | G68: WRMP14 Forecast - Total Water delivered NHH | H68: Ml/d | I68: =LEFT(E68,3) -> YKY | O68: 271.02518 | P68: 269.68802 | Q68: 268.50056 | R68: 267.27687 | S68: 265.8029 | T68: 264.398 | U68: 263.20711 | V68: 261.97418
E69: AFW | F69: NHH | G69: WRMP14 Forecast - Total Water delivered NHH | H69: Ml/d | I69: =LEFT(E69,3) -> AFW | O69: 186.62416 | P69: 186.32098 | Q69: 185.89904 | R69: 185.4771 | S69: 185.05516 | T69: 184.6883 | U69: 184.32142 | V69: 184.30891
E70: BRL | F70: NHH | G70: WRMP14 Forecast - Total Water delivered NHH | H70: Ml/d | I70: =LEFT(E70,3) -> BRL | O70: 55.18 | P70: 54.42 | Q70: 53.99 | R70: 53.59 | S70: 53.24 | T70: 52.94 | U70: 52.66 | V70: 52.42
E71: SSC (SST) | F71: NHH | G71: WRMP14 Forecast - Total Water delivered NHH | H71: Ml/d | I71: =LEFT(E71,3) -> SSC | O71: 55.132351 | P71: 55.054487 | Q71: 54.922497 | R71: 54.746197 | S71: 54.536509 | T71: 54.607042 | U71: 54.676818 | V71: 54.745843
... E75: SES | F75: NHH | G75: WRMP14 Forecast - Total Water delivered NHH | H75: Ml/d | I75: =LEFT(E75,3) -> SES | O75: 25.602434 | P75: 25.569085 | Q75: 25.503815 | R75: 25.444721 | S75: 25.391316 | T75: 25.343149 | U75: 25.299804 | V75: 25.2609
E77: NES | F77: NHH | G77: WRMP14 Forecast - Total Water delivered NHH | H77: Ml/d | I77: =LEFT(E77,3) -> NES | O77: =SUMIFS(O$57:O$75,$I$57:$I$75,$E77) -> 229.54563 | P77: =SUMIFS(P$57:P$75,$I$57:$I$75,$E77) -> 229.51404 | Q77: =SUMIFS(Q$57:Q$75,$I$57:$I$75,$E77) -> 229.13513 | R77: =SUMIFS(R$57:R$75,$I$57:$I$75,$E77) -> 228.72445 | S77: =SUMIFS(S$57:S$75,$I$57:$I$75,$E77) -> 227.68131 | T77: =SUMIFS(T$57:T$75,$I$57:$I$75,$E77) -> 227.90112 | U77: =SUMIFS(U$57:U$75,$I$57:$I$75,$E77) -> 227.54816 | V77: =SUMIFS(V$57:V$75,$I$57:$I$75,$E77) -> 227.27645
E78: SSC | F78: NHH | G78: WRMP14 Forecast - Total Water delivered NHH | H78: Ml/d | I78: =LEFT(E78,3) -> SSC | O78: =SUMIFS(O$57:O$75,$I$57:$I$75,$E78) -> 77.304172 | P78: =SUMIFS(P$57:P$75,$I$57:$I$75,$E78) -> 77.227361 | Q78: =SUMIFS(Q$57:Q$75,$I$57:$I$75,$E78) -> 77.096998 | R78: =SUMIFS(R$57:R$75,$I$57:$I$75,$E78) -> 76.922889 | S78: =SUMIFS(S$57:S$75,$I$57:$I$75,$E78) -> 76.715943 | T78: =SUMIFS(T$57:T$75,$I$57:$I$75,$E78) -> 76.789762 | U78: =SUMIFS(U$57:U$75,$I$57:$I$75,$E78) -> 76.863356 | V78: =SUMIFS(V$57:V$75,$I$57:$I$75,$E78) -> 76.936723
G82: Source: August 2022 Data Request for Enhancement and Water Balance
A84: END

Sheet NHH.Performance
A1: =RIGHT(CELL("filename", A1), LEN(CELL("filename", A1)) - SEARCH("]", CELL("filename", A1))) -> NHH.Performance
J2: 2011-12 | K2: 2012-13 | L2: 2013-14 | M2: 2014-15 | N2: 2015-16 | O2: 2016-17 | P2: 2017-18 | Q2: 2018-19 | R2: 2019-20
E3: Company | F3: Performance Commitment | G3: Measure | H3: Unit
A7: [INPUT] Measured non-household consumption (excluding supply pipe leakage)
E9: ANH | F9: NHH | G9: Measured non-household consumption (excluding supply pipe leakage) | H9: Ml/d | J9: =NHH.Inputs!K9 -> 256.1867 | K9: =NHH.Inputs!L9 -> 268.71515 | L9: =NHH.Inputs!M9 -> 271.7221 | M9: =NHH.Inputs!N9 -> 269.13362 | N9: =NHH.Inputs!O9 -> 266.5032 | O9: =NHH.Inputs!P9 -> 266.79385 | P9: =NHH.Inputs!Q9 -> 273.94122 | Q9: =NHH.Inputs!R9 -> 290.27595 | R9: =NHH.Inputs!S9 -> 283.89642
E10: WSH | F10: NHH | G10: Measured non-household consumption (excluding supply pipe leakage) | H10: Ml/d | J10: =NHH.Inputs!K10 -> 180.5219 | K10: =NHH.Inputs!L10 -> 167.38959 | L10: =NHH.Inputs!M10 -> 170.56505 | M10: =NHH.Inputs!N10 -> 174.88707 | N10: =NHH.Inputs!O10 -> 168.65168 | O10: =NHH.Inputs!P10 -> 173.24099 | P10: =NHH.Inputs!Q10 -> 168.75674 | Q10: =NHH.Inputs!R10 -> 177.95661 | R10: =NHH.Inputs!S10 -> 174.23922
E11: HDD | F11: NHH | G11: Measured non-household consumption (excluding supply pipe leakage) | H11: Ml/d | J11: =NHH.Inputs!K11 -> 18.63832 | K11: =NHH.Inputs!L11 -> 17.402594 | L11: =NHH.Inputs!M11 -> 17.267477 | M11: =NHH.Inputs!N11 -> 18.428015 | N11: =NHH.Inputs!O11 -> 17.031067 | O11: =NHH.Inputs!P11 -> 18.454921 | P11: =NHH.Inputs!Q11 -> 18.640562 | Q11: =NHH.Inputs!R11 -> 14.757258 | R11: =NHH.Inputs!S11 -> 14.412148
E12: NES | F12: NHH | G12: Measured non-household consumption (excluding supply pipe leakage) | H12: Ml/d | J12: =NHH.Inputs!K12 -> 248.5 | K12: =NHH.Inputs!L12 -> 232.83 | L12: =NHH.Inputs!M12 -> 227.61 | M12: =NHH.Inputs!N12 -> 226 | N12: =NHH.Inputs!O12 -> 216.34 | O12: =NHH.Inputs!P12 -> 226.86 | P12: =NHH.Inputs!Q12 -> 214.54 | Q12: =NHH.Inputs!R12 -> 212.08 | R12: =NHH.Inputs!S12 -> 210.35
E13: NES (NNE) | F13: NHH | G13: Measured non-household consumption (excluding supply pipe leakage) | H13: Ml/d | J13: =NHH.Inputs!K13 -> 157.14 | K13: =NHH.Inputs!L13 -> 152.21 | L13: =NHH.Inputs!M13 -> 149.84 | M13: =NHH.Inputs!N13 -> 149.5 | N13: =NHH.Inputs!O13 -> 141.3 | O13: =NHH.Inputs!P13 -> 146.43 | P13: =NHH.Inputs!Q13 -> 139.32 | Q13: =NHH.Inputs!R13 -> 138.85 | R13: =NHH.Inputs!S13 -> 137.7
E14: NES (ESK) | F14: NHH | G14: Measured non-household consumption (excluding supply pipe leakage) | H14: Ml/d | J14: =NHH.Inputs!K14 -> 91.36 | K14: =NHH.Inputs!L14 -> 80.62 | L14: =NHH.Inputs!M14 -> 77.78 | M14: =NHH.Inputs!N14 -> 76.5 | N14: =NHH.Inputs!O14 -> 75.03 | O14: =NHH.Inputs!P14 -> 80.42 | P14: =NHH.Inputs!Q14 -> 75.22 | Q14: =NHH.Inputs!R14 -> 73.22 | R14: =NHH.Inputs!S14 -> 72.65
E15: SVE | F15: NHH | G15: Measured non-household consumption (excluding supply pipe leakage) | H15: Ml/d | J15: =NHH.Inputs!K15 -> 366.54773 | K15: =NHH.Inputs!L15 -> 346.71925 | L15: =NHH.Inputs!M15 -> 350.78411 | M15: =NHH.Inputs!N15 -> 358.739 | N15: =NHH.Inputs!O15 -> 369.66149 | O15: =NHH.Inputs!P15 -> 356.78522 | P15: =NHH.Inputs!Q15 -> 352.5347 | Q15: =NHH.Inputs!R15 -> 367.09314 | R15: =NHH.Inputs!S15 -> 362.51228
E16: SWB | F16: NHH | G16: Measured non-household consumption (excluding supply pipe leakage) | H16: Ml/d | J16: =NHH.Inputs!K16 -> 152.56568 | K16: =NHH.Inputs!L16 -> 146.98318 | L16: =NHH.Inputs!M16 -> 147.18615 | M16: =NHH.Inputs!N16 -> 148.7949 | N16: =NHH.Inputs!O16 -> 146.81682 | O16: =NHH.Inputs!P16 -> 142.16004 | P16: =NHH.Inputs!Q16 -> 142.68138 | Q16: =NHH.Inputs!R16 -> 149.34904 | R16: =NHH.Inputs!S16 -> 137.34842
E17: SRN | F17: NHH | G17: Measured non-household consumption (excluding supply pipe leakage) | H17: Ml/d | J17: =NHH.Inputs!K17 -> 89.0822 | K17: =NHH.Inputs!L17 -> 98.629271 | L17: =NHH.Inputs!M17 -> 98.482497 | M17: =NHH.Inputs!N17 -> 100.9972 | N17: =NHH.Inputs!O17 -> 103.04 | O17: =NHH.Inputs!P17 -> 104.7557 | P17: =NHH.Inputs!Q17 -> 112.90667 | Q17: =NHH.Inputs!R17 -> 115.31615 | R17: =NHH.Inputs!S17 -> 108.43522
E18: TMS | F18: NHH | G18: Measured non-household consumption (excluding supply pipe leakage) | H18: Ml/d | J18: =NHH.Inputs!K18 -> 480.82 | K18: =NHH.Inputs!L18 -> 470.58 | L18: =NHH.Inputs!M18 -> 485.54 | M18: =NHH.Inputs!N18 -> 492.69 | N18: =NHH.Inputs!O18 -> 484.15 | O18: =NHH.Inputs!P18 -> 461.7 | P18: =NHH.Inputs!Q18 -> 475.68 | Q18: =NHH.Inputs!R18 -> 464.63 | R18: =NHH.Inputs!S18 -> 445.91294
E19: UUW | F19: NHH | G19: Measured non-household consumption (excluding supply pipe leakage) | H19: Ml/d | J19: =NHH.Inputs!K19 -> 364.3366 | K19: =NHH.Inputs!L19 -> 359.9819 | L19: =NHH.Inputs!M19 -> 350.12891 | M19: =NHH.Inputs!N19 -> 352.39186 | N19: =NHH.Inputs!O19 -> 360.35446 | O19: =NHH.Inputs!P19 -> 358.14049 | P19: =NHH.Inputs!Q19 -> 351.89174 | Q19: =NHH.Inputs!R19 -> 363.44415 | R19: =NHH.Inputs!S19 -> 364.49178
E20: WSX | F20: NHH | G20: Measured non-household consumption (excluding supply pipe leakage) | H20: Ml/d | J20: =NHH.Inputs!K20 -> 83.39 | K20: =NHH.Inputs!L20 -> 78.98 | L20: =NHH.Inputs!M20 -> 81.87 | M20: =NHH.Inputs!N20 -> 81.55 | N20: =NHH.Inputs!O20 -> 81.43 | O20: =NHH.Inputs!P20 -> 80.56 | P20: =NHH.Inputs!Q20 -> 81.38 | Q20: =NHH.Inputs!R20 -> 83.52 | R20: =NHH.Inputs!S20 -> 78.93
... E29: SES | F29: NHH | G29: Measured non-household consumption (excluding supply pipe leakage) | H29: Ml/d | J29: =NHH.Inputs!K29 -> 24.512609 | K29: =NHH.Inputs!L29 -> 23.8 | L29: =NHH.Inputs!M29 -> 23.84 | M29: =NHH.Inputs!N29 -> 24.48 | N29: =NHH.Inputs!O29 -> 25.24 | O29: =NHH.Inputs!P29 -> 25.77 | P29: =NHH.Inputs!Q29 -> 23.26 | Q29: =NHH.Inputs!R29 -> 22.77 | R29: =NHH.Inputs!S29 -> 23.26
A31: [INPUT] Unmeasured non-household consumption (excluding supply pipe leakage)
E33: ANH | F33: NHH | G33: Unmeasured non-household consumption (excluding supply pipe leakage) | H33: Ml/d | J33: =NHH.Inputs!K33 -> 2.0107364 | K33: =NHH.Inputs!L33 -> 1.8926338 | L33: =NHH.Inputs!M33 -> 1.6357996 | M33: =NHH.Inputs!N33 -> 1.4424881 | N33: =NHH.Inputs!O33 -> 1.2227961 | O33: =NHH.Inputs!P33 -> 1.1053871 | P33: =NHH.Inputs!Q33 -> 0.75669702 | Q33: =NHH.Inputs!R33 -> 0.86105746 | R33: =NHH.Inputs!S33 -> 0.82332588
E34: WSH | F34: NHH | G34: Unmeasured non-household consumption (excluding supply pipe leakage) | H34: Ml/d | J34: =NHH.Inputs!K34 -> 5.1757947 | K34: =NHH.Inputs!L34 -> 4.2704361 | L34: =NHH.Inputs!M34 -> 4.3296226 | M34: =NHH.Inputs!N34 -> 5.1460452 | N34: =NHH.Inputs!O34 -> 4.7213679 | O34: =NHH.Inputs!P34 -> 5.3633145 | P34: =NHH.Inputs!Q34 -> 5.4128831 | Q34: =NHH.Inputs!R34 -> 5.6156115 | R34: =NHH.Inputs!S34 -> 4.0029973
E35: HDD | F35: NHH | G35: Unmeasured non-household consumption (excluding supply pipe leakage) | H35: Ml/d | J35: =NHH.Inputs!K35 -> 0.43687176 | K35: =NHH.Inputs!L35 -> 0.58092877 | L35: =NHH.Inputs!M35 -> 0.51654215 | M35: =NHH.Inputs!N35 -> 0.40652966 | N35: =NHH.Inputs!O35 -> 0.3478012 | O35: =NHH.Inputs!P35 -> 0.67637251 | P35: =NHH.Inputs!Q35 -> 0.71599 | Q35: =NHH.Inputs!R35 -> 1.2243589 | R35: =NHH.Inputs!S35 -> 1.2967766
E36: NES | F36: NHH | G36: Unmeasured non-household consumption (excluding supply pipe leakage) | H36: Ml/d | J36: =NHH.Inputs!K36 -> 6.25 | K36: =NHH.Inputs!L36 -> 5.85 | L36: =NHH.Inputs!M36 -> 5.77 | M36: =NHH.Inputs!N36 -> 4.92 | N36: =NHH.Inputs!O36 -> 6.31 | O36: =NHH.Inputs!P36 -> 6.11 | P36: =NHH.Inputs!Q36 -> 6.17 | Q36: =NHH.Inputs!R36 -> 5.92 | R36: =NHH.Inputs!S36 -> 4.73
E37: NES (NNE) | F37: NHH | G37: Unmeasured non-household consumption (excluding supply pipe leakage) | H37: Ml/d | J37: =NHH.Inputs!K37 -> 5.1 | K37: =NHH.Inputs!L37 -> 4.76 | L37: =NHH.Inputs!M37 -> 4.71 | M37: =NHH.Inputs!N37 -> 3.91 | N37: =NHH.Inputs!O37 -> 5.33 | O37: =NHH.Inputs!P37 -> 4.99 | P37: =NHH.Inputs!Q37 -> 5.07 | Q37: =NHH.Inputs!R37 -> 4.9 | R37: =NHH.Inputs!S37 -> 3.77
E38: NES (ESK) | F38: NHH | G38: Unmeasured non-household consumption (excluding supply pipe leakage) | H38: Ml/d | J38: =NHH.Inputs!K38 -> 1.15 | K38: =NHH.Inputs!L38 -> 1.09 | L38: =NHH.Inputs!M38 -> 1.06 | M38: =NHH.Inputs!N38 -> 1.01 | N38: =NHH.Inputs!O38 -> 0.98 | O38: =NHH.Inputs!P38 -> 1.13 | P38: =NHH.Inputs!Q38 -> 1.1 | Q38: =NHH.Inputs!R38 -> 1.01 | R38: =NHH.Inputs!S38 -> 0.96
E39: SVE | F39: NHH | G39: Unmeasured non-household consumption (excluding supply pipe leakage) | H39: Ml/d | J39: =NHH.Inputs!K39 -> 10.367204 | K39: =NHH.Inputs!L39 -> 10.060209 | L39: =NHH.Inputs!M39 -> 10.002952 | M39: =NHH.Inputs!N39 -> 8.9771411 | N39: =NHH.Inputs!O39 -> 8.6983484 | O39: =NHH.Inputs!P39 -> 6.8550098 | P39: =NHH.Inputs!Q39 -> 7.6470658 | Q39: =NHH.Inputs!R39 -> 7.1153833 | R39: =NHH.Inputs!S39 -> 7.5796532
E40: SWB | F40: NHH | G40: Unmeasured non-household consumption (excluding supply pipe leakage) | H40: Ml/d | J40: =NHH.Inputs!K40 -> 8.4784789 | K40: =NHH.Inputs!L40 -> 8.6849777 | L40: =NHH.Inputs!M40 -> 9.2751469 | M40: =NHH.Inputs!N40 -> 8.8866816 | N40: =NHH.Inputs!O40 -> 3.4433414 | O40: =NHH.Inputs!P40 -> 4.2592115 | P40: =NHH.Inputs!Q40 -> 3.1029755 | Q40: =NHH.Inputs!R40 -> 2.9431951 | R40: =NHH.Inputs!S40 -> 3.0759909
E41: SRN | F41: NHH | G41: Unmeasured non-household consumption (excluding supply pipe leakage) | H41: Ml/d | J41: =NHH.Inputs!K41 -> 4.5517788 | K41: =NHH.Inputs!L41 -> 4.950232 | L41: =NHH.Inputs!M41 -> 4.6053284 | M41: =NHH.Inputs!N41 -> 5.1681622 | N41: =NHH.Inputs!O41 -> 7.25 | O41: =NHH.Inputs!P41 -> 4.4858696 | P41: =NHH.Inputs!Q41 -> 5.3419657 | Q41: =NHH.Inputs!R41 -> 4.84 | R41: =NHH.Inputs!S41 -> 4.0243382
E42: TMS | F42: NHH | G42: Unmeasured non-household consumption (excluding supply pipe leakage) | H42: Ml/d | J42: =NHH.Inputs!K42 -> 20.69 | K42: =NHH.Inputs!L42 -> 19.61 | L42: =NHH.Inputs!M42 -> 15.85 | M42: =NHH.Inputs!N42 -> 15.26 | N42: =NHH.Inputs!O42 -> 15.47 | O42: =NHH.Inputs!P42 -> 17.05 | P42: =NHH.Inputs!Q42 -> 15.97 | Q42: =NHH.Inputs!R42 -> 14.26 | R42: =NHH.Inputs!S42 -> 14.611728
E43: UUW | F43: NHH | G43: Unmeasured non-household consumption (excluding supply pipe leakage) | H43: Ml/d | J43: =NHH.Inputs!K43 -> 13.486019 | K43: =NHH.Inputs!L43 -> 12.792435 | L43: =NHH.Inputs!M43 -> 11.252864 | M43: =NHH.Inputs!N43 -> 10.084639 | N43: =NHH.Inputs!O43 -> 9.7287472 | O43: =NHH.Inputs!P43 -> 10.504601 | P43: =NHH.Inputs!Q43 -> 13.938321 | Q43: =NHH.Inputs!R43 -> 13.372318 | R43: =NHH.Inputs!S43 -> 12.849546
E44: WSX | F44: NHH | G44: Unmeasured non-household consumption (excluding supply pipe leakage) | H44: Ml/d | J44: =NHH.Inputs!K44 -> 18.28 | K44: =NHH.Inputs!L44 -> 17.69 | L44: =NHH.Inputs!M44 -> 17.44 | M44: =NHH.Inputs!N44 -> 17.45 | N44: =NHH.Inputs!O44 -> 17.07 | O44: =NHH.Inputs!P44 -> 17.02 | P44: =NHH.Inputs!Q44 -> 16.83 | Q44: =NHH.Inputs!R44 -> 16.87 | R44: =NHH.Inputs!S44 -> 16.28
... E53: SES | F53: NHH | G53: Unmeasured non-household consumption (excluding supply pipe leakage) | H53: Ml/d | J53: =NHH.Inputs!K53 -> 0.58037889 | K53: =NHH.Inputs!L53 -> 0.63 | L53: =NHH.Inputs!M53 -> 0.61 | M53: =NHH.Inputs!N53 -> 0.71 | N53: =NHH.Inputs!O53 -> 0.71 | O53: =NHH.Inputs!P53 -> 1.55 | P53: =NHH.Inputs!Q53 -> 1.42 | Q53: =NHH.Inputs!R53 -> 1.84 | R53: =NHH.Inputs!S53 -> 1.59
A55: Total non-household consumption (excluding supply pipe leakage)
E57: ANH | F57: NHH | G57: Total non-household consumption (excluding supply pipe leakage) | H57: Ml/d | J57: =J9+J33 -> 258.19743 | K57: =K9+K33 -> 270.60778 | L57: =L9+L33 -> 273.3579 | M57: =M9+M33 -> 270.57611 | N57: =N9+N33 -> 267.72599 | O57: =O9+O33 -> 267.89924 | P57: =P9+P33 -> 274.69792 | Q57: =Q9+Q33 -> 291.13701 | R57: =R9+R33 -> 284.71975
E58: WSH | F58: NHH | G58: Total non-household consumption (excluding supply pipe leakage) | H58: Ml/d | J58: =J10+J34 -> 185.6977 | K58: =K10+K34 -> 171.66003 | L58: =L10+L34 -> 174.89467 | M58: =M10+M34 -> 180.03311 | N58: =N10+N34 -> 173.37305 | O58: =O10+O34 -> 178.6043 | P58: =P10+P34 -> 174.16962 | Q58: =Q10+Q34 -> 183.57222 | R58: =R10+R34 -> 178.24222
E59: HDD | F59: NHH | G59: Total non-household consumption (excluding supply pipe leakage) | H59: Ml/d | J59: =J11+J35 -> 19.075191 | K59: =K11+K35 -> 17.983523 | L59: =L11+L35 -> 17.784019 | M59: =M11+M35 -> 18.834544 | N59: =N11+N35 -> 17.378868 | O59: =O11+O35 -> 19.131293 | P59: =P11+P35 -> 19.356552 | Q59: =Q11+Q35 -> 15.981617 | R59: =R11+R35 -> 15.708924
E60: NES | F60: NHH | G60: Total non-household consumption (excluding supply pipe leakage) | H60: Ml/d | J60: =J12+J36 -> 254.75 | K60: =K12+K36 -> 238.68 | L60: =L12+L36 -> 233.38 | M60: =M12+M36 -> 230.92 | N60: =N12+N36 -> 222.65 | O60: =O12+O36 -> 232.97 | P60: =P12+P36 -> 220.71 | Q60: =Q12+Q36 -> 218 | R60: =R12+R36 -> 215.08
E61: NES (NNE) | F61: NHH | G61: Total non-household consumption (excluding supply pipe leakage) | H61: Ml/d | J61: =J13+J37 -> 162.24 | K61: =K13+K37 -> 156.97 | L61: =L13+L37 -> 154.55 | M61: =M13+M37 -> 153.41 | N61: =N13+N37 -> 146.63 | O61: =O13+O37 -> 151.42 | P61: =P13+P37 -> 144.39 | Q61: =Q13+Q37 -> 143.75 | R61: =R13+R37 -> 141.47
E62: NES (ESK) | F62: NHH | G62: Total non-household consumption (excluding supply pipe leakage) | H62: Ml/d | J62: =J14+J38 -> 92.51 | K62: =K14+K38 -> 81.71 | L62: =L14+L38 -> 78.84 | M62: =M14+M38 -> 77.51 | N62: =N14+N38 -> 76.01 | O62: =O14+O38 -> 81.55 | P62: =P14+P38 -> 76.32 | Q62: =Q14+Q38 -> 74.23 | R62: =R14+R38 -> 73.61
E63: SVE | F63: NHH | G63: Total non-household consumption (excluding supply pipe leakage) | H63: Ml/d | J63: =J15+J39 -> 376.91494 | K63: =K15+K39 -> 356.77946 | L63: =L15+L39 -> 360.78707 | M63: =M15+M39 -> 367.71615 | N63: =N15+N39 -> 378.35984 | O63: =O15+O39 -> 363.64023 | P63: =P15+P39 -> 360.18177 | Q63: =Q15+Q39 -> 374.20852 | R63: =R15+R39 -> 370.09194
E64: SWB | F64: NHH | G64: Total non-household consumption (excluding supply pipe leakage) | H64: Ml/d | J64: =J16+J40 -> 161.04416 | K64: =K16+K40 -> 155.66816 | L64: =L16+L40 -> 156.4613 | M64: =M16+M40 -> 157.68158 | N64: =N16+N40 -> 150.26016 | O64: =O16+O40 -> 146.41925 | P64: =P16+P40 -> 145.78436 | Q64: =Q16+Q40 -> 152.29224 | R64: =R16+R40 -> 140.42441
E65: SRN | F65: NHH | G65: Total non-household consumption (excluding supply pipe leakage) | H65: Ml/d | J65: =J17+J41 -> 93.633979 | K65: =K17+K41 -> 103.5795 | L65: =L17+L41 -> 103.08783 | M65: =M17+M41 -> 106.16536 | N65: =N17+N41 -> 110.29 | O65: =O17+O41 -> 109.24157 | P65: =P17+P41 -> 118.24864 | Q65: =Q17+Q41 -> 120.15615 | R65: =R17+R41 -> 112.45956
E66: TMS | F66: NHH | G66: Total non-household consumption (excluding supply pipe leakage) | H66: Ml/d | J66: =J18+J42 -> 501.51 | K66: =K18+K42 -> 490.19 | L66: =L18+L42 -> 501.39 | M66: =M18+M42 -> 507.95 | N66: =N18+N42 -> 499.62 | O66: =O18+O42 -> 478.75 | P66: =P18+P42 -> 491.65 | Q66: =Q18+Q42 -> 478.89 | R66: =R18+R42 -> 460.52466
E67: UUW | F67: NHH | G67: Total non-household consumption (excluding supply pipe leakage) | H67: Ml/d | J67: =J19+J43 -> 377.82262 | K67: =K19+K43 -> 372.77433 | L67: =L19+L43 -> 361.38177 | M67: =M19+M43 -> 362.4765 | N67: =N19+N43 -> 370.08321 | O67: =O19+O43 -> 368.64509 | P67: =P19+P43 -> 365.83006 | Q67: =Q19+Q43 -> 376.81647 | R67: =R19+R43 -> 377.34133
E68: WSX | F68: NHH | G68: Total non-household consumption (excluding supply pipe leakage) | H68: Ml/d | J68: =J20+J44 -> 101.67 | K68: =K20+K44 -> 96.67 | L68: =L20+L44 -> 99.31 | M68: =M20+M44 -> 99 | N68: =N20+N44 -> 98.5 | O68: =O20+O44 -> 97.58 | P68: =P20+P44 -> 98.21 | Q68: =Q20+Q44 -> 100.39 | R68: =R20+R44 -> 95.21
... E77: SES | F77: NHH | G77: Total non-household consumption (excluding supply pipe leakage) | H77: Ml/d | J77: =J29+J53 -> 25.092988 | K77: =K29+K53 -> 24.43 | L77: =L29+L53 -> 24.45 | M77: =M29+M53 -> 25.19 | N77: =N29+N53 -> 25.95 | O77: =O29+O53 -> 27.32 | P77: =P29+P53 -> 24.68 | Q77: =Q29+Q53 -> 24.61 | R77: =R29+R53 -> 24.85
A79: Total non-household consumption (excluding supply pipe leakage) 3-Year Average
E81: ANH | F81: NHH | G81: Total non-household consumption (excluding supply pipe leakage) 3-Year Average | H81: Ml/d | J81: - | K81: - | L81: =AVERAGE(J57:L57) -> 267.38771 | M81: =AVERAGE(K57:M57) -> 271.51393 | N81: =AVERAGE(L57:N57) -> 270.55334 | O81: =AVERAGE(M57:O57) -> 268.73378 | P81: =AVERAGE(N57:P57) -> 270.10772 | Q81: =AVERAGE(O57:Q57) -> 277.91139 | R81: =AVERAGE(P57:R57) -> 283.51823
E82: WSH | F82: NHH | G82: Total non-household consumption (excluding supply pipe leakage) 3-Year Average | H82: Ml/d | J82: - | K82: - | L82: =AVERAGE(J58:L58) -> 177.41746 | M82: =AVERAGE(K58:M58) -> 175.52927 | N82: =AVERAGE(L58:N58) -> 176.10028 | O82: =AVERAGE(M58:O58) -> 177.33682 | P82: =AVERAGE(N58:P58) -> 175.38232 | Q82: =AVERAGE(O58:Q58) -> 178.78205 | R82: =AVERAGE(P58:R58) -> 178.66135
E83: HDD | F83: NHH | G83: Total non-household consumption (excluding supply pipe leakage) 3-Year Average | H83: Ml/d | J83: - | K83: - | L83: =AVERAGE(J59:L59) -> 18.280911 | M83: =AVERAGE(K59:M59) -> 18.200696 | N83: =AVERAGE(L59:N59) -> 17.999144 | O83: =AVERAGE(M59:O59) -> 18.448235 | P83: =AVERAGE(N59:P59) -> 18.622238 | Q83: =AVERAGE(O59:Q59) -> 18.156488 | R83: =AVERAGE(P59:R59) -> 17.015698
E84: NES | F84: NHH | G84: Total non-household consumption (excluding supply pipe leakage) 3-Year Average | H84: Ml/d | J84: - | K84: - | L84: =AVERAGE(J60:L60) -> 242.27 | M84: =AVERAGE(K60:M60) -> 234.32667 | N84: =AVERAGE(L60:N60) -> 228.98333 | O84: =AVERAGE(M60:O60) -> 228.84667 | P84: =AVERAGE(N60:P60) -> 225.44333 | Q84: =AVERAGE(O60:Q60) -> 223.89333 | R84: =AVERAGE(P60:R60) -> 217.93
E85: NES (NNE) | F85: NHH | G85: Total non-household consumption (excluding supply pipe leakage) 3-Year Average | H85: Ml/d | J85: - | K85: - | L85: =AVERAGE(J61:L61) -> 157.92 | M85: =AVERAGE(K61:M61) -> 154.97667 | N85: =AVERAGE(L61:N61) -> 151.53 | O85: =AVERAGE(M61:O61) -> 150.48667 | P85: =AVERAGE(N61:P61) -> 147.48 | Q85: =AVERAGE(O61:Q61) -> 146.52 | R85: =AVERAGE(P61:R61) -> 143.20333
E86: NES (ESK) | F86: NHH | G86: Total non-household consumption (excluding supply pipe leakage) 3-Year Average | H86: Ml/d | J86: - | K86: - | L86: =AVERAGE(J62:L62) -> 84.353333 | M86: =AVERAGE(K62:M62) -> 79.353333 | N86: =AVERAGE(L62:N62) -> 77.453333 | O86: =AVERAGE(M62:O62) -> 78.356667 | P86: =AVERAGE(N62:P62) -> 77.96 | Q86: =AVERAGE(O62:Q62) -> 77.366667 | R86: =AVERAGE(P62:R62) -> 74.72
E87: SVE | F87: NHH | G87: Total non-household consumption (excluding supply pipe leakage) 3-Year Average | H87: Ml/d | J87: - | K87: - | L87: =AVERAGE(J63:L63) -> 364.82715 | M87: =AVERAGE(K63:M63) -> 361.76089 | N87: =AVERAGE(L63:N63) -> 368.95435 | O87: =AVERAGE(M63:O63) -> 369.9054 | P87: =AVERAGE(N63:P63) -> 367.39395 | Q87: =AVERAGE(O63:Q63) -> 366.01017 | R87: =AVERAGE(P63:R63) -> 368.16074
E88: SWB | F88: NHH | G88: Total non-household consumption (excluding supply pipe leakage) 3-Year Average | H88: Ml/d | J88: - | K88: - | L88: =AVERAGE(J64:L64) -> 157.72454 | M88: =AVERAGE(K64:M64) -> 156.60368 | N88: =AVERAGE(L64:N64) -> 154.80101 | O88: =AVERAGE(M64:O64) -> 151.45366 | P88: =AVERAGE(N64:P64) -> 147.48792 | Q88: =AVERAGE(O64:Q64) -> 148.16528 | R88: =AVERAGE(P64:R64) -> 146.167
E89: SRN | F89: NHH | G89: Total non-household consumption (excluding supply pipe leakage) 3-Year Average | H89: Ml/d | J89: - | K89: - | L89: =AVERAGE(J65:L65) -> 100.10044 | M89: =AVERAGE(K65:M65) -> 104.27756 | N89: =AVERAGE(L65:N65) -> 106.5144 | O89: =AVERAGE(M65:O65) -> 108.56564 | P89: =AVERAGE(N65:P65) -> 112.5934 | Q89: =AVERAGE(O65:Q65) -> 115.88212 | R89: =AVERAGE(P65:R65) -> 116.95478
E90: TMS | F90: NHH | G90: Total non-household consumption (excluding supply pipe leakage) 3-Year Average | H90: Ml/d | J90: - | K90: - | L90: =AVERAGE(J66:L66) -> 497.69667 | M90: =AVERAGE(K66:M66) -> 499.84333 | N90: =AVERAGE(L66:N66) -> 502.98667 | O90: =AVERAGE(M66:O66) -> 495.44 | P90: =AVERAGE(N66:P66) -> 490.00667 | Q90: =AVERAGE(O66:Q66) -> 483.09667 | R90: =AVERAGE(P66:R66) -> 477.02155
E91: UUW | F91: NHH | G91: Total non-household consumption (excluding supply pipe leakage) 3-Year Average | H91: Ml/d | J91: - | K91: - | L91: =AVERAGE(J67:L67) -> 370.65957 | M91: =AVERAGE(K67:M67) -> 365.5442 | N91: =AVERAGE(L67:N67) -> 364.64716 | O91: =AVERAGE(M67:O67) -> 367.06827 | P91: =AVERAGE(N67:P67) -> 368.18612 | Q91: =AVERAGE(O67:Q67) -> 370.43054 | R91: =AVERAGE(P67:R67) -> 373.32929
E92: WSX | F92: NHH | G92: Total non-household consumption (excluding supply pipe leakage) 3-Year Average | H92: Ml/d | J92: - | K92: - | L92: =AVERAGE(J68:L68) -> 99.216667 | M92: =AVERAGE(K68:M68) -> 98.326667 | N92: =AVERAGE(L68:N68) -> 98.936667 | O92: =AVERAGE(M68:O68) -> 98.36 | P92: =AVERAGE(N68:P68) -> 98.096667 | Q92: =AVERAGE(O68:Q68) -> 98.726667 | R92: =AVERAGE(P68:R68) -> 97.936667
... E101: SES | F101: NHH | G101: Total non-household consumption (excluding supply pipe leakage) 3-Year Average | H101: Ml/d | J101: - | K101: - | L101: =AVERAGE(J77:L77) -> 24.657663 | M101: =AVERAGE(K77:M77) -> 24.69 | N101: =AVERAGE(L77:N77) -> 25.196667 | O101: =AVERAGE(M77:O77) -> 26.153333 | P101: =AVERAGE(N77:P77) -> 25.983333 | Q101: =AVERAGE(O77:Q77) -> 25.536667 | R101: =AVERAGE(P77:R77) -> 24.713333
A103: END

Sheet NHH.WRMP
A1: =RIGHT(CELL("filename", A1), LEN(CELL("filename", A1)) - SEARCH("]", CELL("filename", A1))) -> NHH.WRMP
J2: 2015-16 | K2: 2016-17 | L2: 2017-18 | M2: 2018-19 | N2: 2019-20 | O2: 2020-21 | P2: 2021-22 | Q2: 2022-23
E3: Company | F3: Performance Commitment | G3: Measure | H3: Unit
A7: [INPUT] WRMP14 Forecast - Total Non-household Water Delivered
E9: ANH | F9: NHH | G9: WRMP14 Forecast - Total Water delivered NHH | H9: Ml/d | J9: =INDEX(NHH.Inputs!$O$57:$W$78,MATCH($E9,NHH.Inputs!$E$57:$E$78,0),MATCH(J$2,NHH.Inputs!$O$2:$W$2,0)) -> 276.03191 | K9: =INDEX(NHH.Inputs!$O$57:$W$78,MATCH($E9,NHH.Inputs!$E$57:$E$78,0),MATCH(K$2,NHH.Inputs!$O$2:$W$2,0)) -> 274.46118 | L9: =INDEX(NHH.Inputs!$O$57:$W$78,MATCH($E9,NHH.Inputs!$E$57:$E$78,0),MATCH(L$2,NHH.Inputs!$O$2:$W$2,0)) -> 272.89307 | M9: =INDEX(NHH.Inputs!$O$57:$W$78,MATCH($E9,NHH.Inputs!$E$57:$E$78,0),MATCH(M$2,NHH.Inputs!$O$2:$W$2,0)) -> 271.9557 | N9: =INDEX(NHH.Inputs!$O$57:$W$78,MATCH($E9,NHH.Inputs!$E$57:$E$78,0),MATCH(N$2,NHH.Inputs!$O$2:$W$2,0)) -> 271.01734 | O9: =INDEX(NHH.Inputs!$O$57:$W$78,MATCH($E9,NHH.Inputs!$E$57:$E$78,0),MATCH(O$2,NHH.Inputs!$O$2:$W$2,0)) -> 270.10438 | P9: =INDEX(NHH.Inputs!$O$57:$W$78,MATCH($E9,NHH.Inputs!$E$57:$E$78,0),MATCH(P$2,NHH.Inputs!$O$2:$W$2,0)) -> 269.16408 | Q9: =INDEX(NHH.Inputs!$O$57:$W$78,MATCH($E9,NHH.Inputs!$E$57:$E$78,0),MATCH(Q$2,NHH.Inputs!$O$2:$W$2,0)) -> 268.22239
E10: WSH | F10: NHH | G10: WRMP14 Forecast - Total Water delivered NHH | H10: Ml/d | J10: =INDEX(NHH.Inputs!$O$57:$W$78,MATCH($E10,NHH.Inputs!$E$57:$E$78,0),MATCH(J$2,NHH.Inputs!$O$2:$W$2,0)) -> - | K10: =INDEX(NHH.Inputs!$O$57:$W$78,MATCH($E10,NHH.Inputs!$E$57:$E$78,0),MATCH(K$2,NHH.Inputs!$O$2:$W$2,0)) -> - | L10: =INDEX(NHH.Inputs!$O$57:$W$78,MATCH($E10,NHH.Inputs!$E$57:$E$78,0),MATCH(L$2,NHH.Inputs!$O$2:$W$2,0)) -> - | M10: =INDEX(NHH.Inputs!$O$57:$W$78,MATCH($E10,NHH.Inputs!$E$57:$E$78,0),MATCH(M$2,NHH.Inputs!$O$2:$W$2,0)) -> - | N10: =INDEX(NHH.Inputs!$O$57:$W$78,MATCH($E10,NHH.Inputs!$E$57:$E$78,0),MATCH(N$2,NHH.Inputs!$O$2:$W$2,0)) -> - | O10: =INDEX(NHH.Inputs!$O$57:$W$78,MATCH($E10,NHH.Inputs!$E$57:$E$78,0),MATCH(O$2,NHH.Inputs!$O$2:$W$2,0)) -> - | P10: =INDEX(NHH.Inputs!$O$57:$W$78,MATCH($E10,NHH.Inputs!$E$57:$E$78,0),MATCH(P$2,NHH.Inputs!$O$2:$W$2,0)) -> - | Q10: =INDEX(NHH.Inputs!$O$57:$W$78,MATCH($E10,NHH.Inputs!$E$57:$E$78,0),MATCH(Q$2,NHH.Inputs!$O$2:$W$2,0)) -> -
E11: HDD | F11: NHH | G11: WRMP14 Forecast - Total Water delivered NHH | H11: Ml/d | J11: =INDEX(NHH.Inputs!$O$57:$W$78,MATCH($E11,NHH.Inputs!$E$57:$E$78,0),MATCH(J$2,NHH.Inputs!$O$2:$W$2,0)) -> - | K11: =INDEX(NHH.Inputs!$O$57:$W$78,MATCH($E11,NHH.Inputs!$E$57:$E$78,0),MATCH(K$2,NHH.Inputs!$O$2:$W$2,0)) -> - | L11: =INDEX(NHH.Inputs!$O$57:$W$78,MATCH($E11,NHH.Inputs!$E$57:$E$78,0),MATCH(L$2,NHH.Inputs!$O$2:$W$2,0)) -> - | M11: =INDEX(NHH.Inputs!$O$57:$W$78,MATCH($E11,NHH.Inputs!$E$57:$E$78,0),MATCH(M$2,NHH.Inputs!$O$2:$W$2,0)) -> - | N11: =INDEX(NHH.Inputs!$O$57:$W$78,MATCH($E11,NHH.Inputs!$E$57:$E$78,0),MATCH(N$2,NHH.Inputs!$O$2:$W$2,0)) -> - | O11: =INDEX(NHH.Inputs!$O$57:$W$78,MATCH($E11,NHH.Inputs!$E$57:$E$78,0),MATCH(O$2,NHH.Inputs!$O$2:$W$2,0)) -> - | P11: =INDEX(NHH.Inputs!$O$57:$W$78,MATCH($E11,NHH.Inputs!$E$57:$E$78,0),MATCH(P$2,NHH.Inputs!$O$2:$W$2,0)) -> - | Q11: =INDEX(NHH.Inputs!$O$57:$W$78,MATCH($E11,NHH.Inputs!$E$57:$E$78,0),MATCH(Q$2,NHH.Inputs!$O$2:$W$2,0)) -> -
E12: NES | F12: NHH | G12: WRMP14 Forecast - Total Water delivered NHH | H12: Ml/d | J12: =INDEX(NHH.Inputs!$O$57:$W$78,MATCH($E12,NHH.Inputs!$E$57:$E$78,0),MATCH(J$2,NHH.Inputs!$O$2:$W$2,0)) -> 229.54563 | K12: =INDEX(NHH.Inputs!$O$57:$W$78,MATCH($E12,NHH.Inputs!$E$57:$E$78,0),MATCH(K$2,NHH.Inputs!$O$2:$W$2,0)) -> 229.51404 | L12: =INDEX(NHH.Inputs!$O$57:$W$78,MATCH($E12,NHH.Inputs!$E$57:$E$78,0),MATCH(L$2,NHH.Inputs!$O$2:$W$2,0)) -> 229.13513 | M12: =INDEX(NHH.Inputs!$O$57:$W$78,MATCH($E12,NHH.Inputs!$E$57:$E$78,0),MATCH(M$2,NHH.Inputs!$O$2:$W$2,0)) -> 228.72445 | N12: =INDEX(NHH.Inputs!$O$57:$W$78,MATCH($E12,NHH.Inputs!$E$57:$E$78,0),MATCH(N$2,NHH.Inputs!$O$2:$W$2,0)) -> 227.68131 | O12: =INDEX(NHH.Inputs!$O$57:$W$78,MATCH($E12,NHH.Inputs!$E$57:$E$78,0),MATCH(O$2,NHH.Inputs!$O$2:$W$2,0)) -> 227.90112 | P12: =INDEX(NHH.Inputs!$O$57:$W$78,MATCH($E12,NHH.Inputs!$E$57:$E$78,0),MATCH(P$2,NHH.Inputs!$O$2:$W$2,0)) -> 227.54816 | Q12: =INDEX(NHH.Inputs!$O$57:$W$78,MATCH($E12,NHH.Inputs!$E$57:$E$78,0),MATCH(Q$2,NHH.Inputs!$O$2:$W$2,0)) -> 227.27645
E13: NES (NNE) | F13: NHH | G13: WRMP14 Forecast - Total Water delivered NHH | H13: Ml/d | J13: =INDEX(NHH.Inputs!$O$57:$W$78,MATCH($E13,NHH.Inputs!$E$57:$E$78,0),MATCH(J$2,NHH.Inputs!$O$2:$W$2,0)) -> 154.89641 | K13: =INDEX(NHH.Inputs!$O$57:$W$78,MATCH($E13,NHH.Inputs!$E$57:$E$78,0),MATCH(K$2,NHH.Inputs!$O$2:$W$2,0)) -> 154.86574 | L13: =INDEX(NHH.Inputs!$O$57:$W$78,MATCH($E13,NHH.Inputs!$E$57:$E$78,0),MATCH(L$2,NHH.Inputs!$O$2:$W$2,0)) -> 154.49071 | M13: =INDEX(NHH.Inputs!$O$57:$W$78,MATCH($E13,NHH.Inputs!$E$57:$E$78,0),MATCH(M$2,NHH.Inputs!$O$2:$W$2,0)) -> 154.20499 | N13: =INDEX(NHH.Inputs!$O$57:$W$78,MATCH($E13,NHH.Inputs!$E$57:$E$78,0),MATCH(N$2,NHH.Inputs!$O$2:$W$2,0)) -> 153.47829 | O13: =INDEX(NHH.Inputs!$O$57:$W$78,MATCH($E13,NHH.Inputs!$E$57:$E$78,0),MATCH(O$2,NHH.Inputs!$O$2:$W$2,0)) -> 153.55041 | P13: =INDEX(NHH.Inputs!$O$57:$W$78,MATCH($E13,NHH.Inputs!$E$57:$E$78,0),MATCH(P$2,NHH.Inputs!$O$2:$W$2,0)) -> 153.26431 | Q13: =INDEX(NHH.Inputs!$O$57:$W$78,MATCH($E13,NHH.Inputs!$E$57:$E$78,0),MATCH(Q$2,NHH.Inputs!$O$2:$W$2,0)) -> 152.99355
E14: NES (ESK) | F14: NHH | G14: WRMP14 Forecast - Total Water delivered NHH | H14: Ml/d | J14: =INDEX(NHH.Inputs!$O$57:$W$78,MATCH($E14,NHH.Inputs!$E$57:$E$78,0),MATCH(J$2,NHH.Inputs!$O$2:$W$2,0)) -> 74.649217 | K14: =INDEX(NHH.Inputs!$O$57:$W$78,MATCH($E14,NHH.Inputs!$E$57:$E$78,0),MATCH(K$2,NHH.Inputs!$O$2:$W$2,0)) -> 74.648291 | L14: =INDEX(NHH.Inputs!$O$57:$W$78,MATCH($E14,NHH.Inputs!$E$57:$E$78,0),MATCH(L$2,NHH.Inputs!$O$2:$W$2,0)) -> 74.644418 | M14: =INDEX(NHH.Inputs!$O$57:$W$78,MATCH($E14,NHH.Inputs!$E$57:$E$78,0),MATCH(M$2,NHH.Inputs!$O$2:$W$2,0)) -> 74.519454 | N14: =INDEX(NHH.Inputs!$O$57:$W$78,MATCH($E14,NHH.Inputs!$E$57:$E$78,0),MATCH(N$2,NHH.Inputs!$O$2:$W$2,0)) -> 74.203016 | O14: =INDEX(NHH.Inputs!$O$57:$W$78,MATCH($E14,NHH.Inputs!$E$57:$E$78,0),MATCH(O$2,NHH.Inputs!$O$2:$W$2,0)) -> 74.350719 | P14: =INDEX(NHH.Inputs!$O$57:$W$78,MATCH($E14,NHH.Inputs!$E$57:$E$78,0),MATCH(P$2,NHH.Inputs!$O$2:$W$2,0)) -> 74.283847 | Q14: =INDEX(NHH.Inputs!$O$57:$W$78,MATCH($E14,NHH.Inputs!$E$57:$E$78,0),MATCH(Q$2,NHH.Inputs!$O$2:$W$2,0)) -> 74.282909
E15: SVE | F15: NHH | G15: WRMP14 Forecast - Total Water delivered NHH | H15: Ml/d | J15: =INDEX(NHH.Inputs!$O$57:$W$78,MATCH($E15,NHH.Inputs!$E$57:$E$78,0),MATCH(J$2,NHH.Inputs!$O$2:$W$2,0)) -> 345.38169 | K15: =INDEX(NHH.Inputs!$O$57:$W$78,MATCH($E15,NHH.Inputs!$E$57:$E$78,0),MATCH(K$2,NHH.Inputs!$O$2:$W$2,0)) -> 341.01748 | L15: =INDEX(NHH.Inputs!$O$57:$W$78,MATCH($E15,NHH.Inputs!$E$57:$E$78,0),MATCH(L$2,NHH.Inputs!$O$2:$W$2,0)) -> 336.05183 | M15: =INDEX(NHH.Inputs!$O$57:$W$78,MATCH($E15,NHH.Inputs!$E$57:$E$78,0),MATCH(M$2,NHH.Inputs!$O$2:$W$2,0)) -> 331.38462 | N15: =INDEX(NHH.Inputs!$O$57:$W$78,MATCH($E15,NHH.Inputs!$E$57:$E$78,0),MATCH(N$2,NHH.Inputs!$O$2:$W$2,0)) -> 326.17385 | O15: =INDEX(NHH.Inputs!$O$57:$W$78,MATCH($E15,NHH.Inputs!$E$57:$E$78,0),MATCH(O$2,NHH.Inputs!$O$2:$W$2,0)) -> 324.33075 | P15: =INDEX(NHH.Inputs!$O$57:$W$78,MATCH($E15,NHH.Inputs!$E$57:$E$78,0),MATCH(P$2,NHH.Inputs!$O$2:$W$2,0)) -> 321.85555 | Q15: =INDEX(NHH.Inputs!$O$57:$W$78,MATCH($E15,NHH.Inputs!$E$57:$E$78,0),MATCH(Q$2,NHH.Inputs!$O$2:$W$2,0)) -> 319.56693
E16: SWB | F16: NHH | G16: WRMP14 Forecast - Total Water delivered NHH | H16: Ml/d | J16: =INDEX(NHH.Inputs!$O$57:$W$78,MATCH($E16,NHH.Inputs!$E$57:$E$78,0),MATCH(J$2,NHH.Inputs!$O$2:$W$2,0)) -> 153.23331 | K16: =INDEX(NHH.Inputs!$O$57:$W$78,MATCH($E16,NHH.Inputs!$E$57:$E$78,0),MATCH(K$2,NHH.Inputs!$O$2:$W$2,0)) -> 151.51868 | L16: =INDEX(NHH.Inputs!$O$57:$W$78,MATCH($E16,NHH.Inputs!$E$57:$E$78,0),MATCH(L$2,NHH.Inputs!$O$2:$W$2,0)) -> 149.87851 | M16: =INDEX(NHH.Inputs!$O$57:$W$78,MATCH($E16,NHH.Inputs!$E$57:$E$78,0),MATCH(M$2,NHH.Inputs!$O$2:$W$2,0)) -> 148.36719 | N16: =INDEX(NHH.Inputs!$O$57:$W$78,MATCH($E16,NHH.Inputs!$E$57:$E$78,0),MATCH(N$2,NHH.Inputs!$O$2:$W$2,0)) -> 146.82345 | O16: =INDEX(NHH.Inputs!$O$57:$W$78,MATCH($E16,NHH.Inputs!$E$57:$E$78,0),MATCH(O$2,NHH.Inputs!$O$2:$W$2,0)) -> 145.52264 | P16: =INDEX(NHH.Inputs!$O$57:$W$78,MATCH($E16,NHH.Inputs!$E$57:$E$78,0),MATCH(P$2,NHH.Inputs!$O$2:$W$2,0)) -> 144.1787 | Q16: =INDEX(NHH.Inputs!$O$57:$W$78,MATCH($E16,NHH.Inputs!$E$57:$E$78,0),MATCH(Q$2,NHH.Inputs!$O$2:$W$2,0)) -> 142.87381
E17: SRN | F17: NHH | G17: WRMP14 Forecast - Total Water delivered NHH | H17: Ml/d | J17: =INDEX(NHH.Inputs!$O$57:$W$78,MATCH($E17,NHH.Inputs!$E$57:$E$78,0),MATCH(J$2,NHH.Inputs!$O$2:$W$2,0)) -> 102.23823 | K17: =INDEX(NHH.Inputs!$O$57:$W$78,MATCH($E17,NHH.Inputs!$E$57:$E$78,0),MATCH(K$2,NHH.Inputs!$O$2:$W$2,0)) -> 101.60046 | L17: =INDEX(NHH.Inputs!$O$57:$W$78,MATCH($E17,NHH.Inputs!$E$57:$E$78,0),MATCH(L$2,NHH.Inputs!$O$2:$W$2,0)) -> 101.46314 | M17: =INDEX(NHH.Inputs!$O$57:$W$78,MATCH($E17,NHH.Inputs!$E$57:$E$78,0),MATCH(M$2,NHH.Inputs!$O$2:$W$2,0)) -> 101.53092 | N17: =INDEX(NHH.Inputs!$O$57:$W$78,MATCH($E17,NHH.Inputs!$E$57:$E$78,0),MATCH(N$2,NHH.Inputs!$O$2:$W$2,0)) -> 101.05273 | O17: =INDEX(NHH.Inputs!$O$57:$W$78,MATCH($E17,NHH.Inputs!$E$57:$E$78,0),MATCH(O$2,NHH.Inputs!$O$2:$W$2,0)) -> 100.85852 | P17: =INDEX(NHH.Inputs!$O$57:$W$78,MATCH($E17,NHH.Inputs!$E$57:$E$78,0),MATCH(P$2,NHH.Inputs!$O$2:$W$2,0)) -> 100.51493 | Q17: =INDEX(NHH.Inputs!$O$57:$W$78,MATCH($E17,NHH.Inputs!$E$57:$E$78,0),MATCH(Q$2,NHH.Inputs!$O$2:$W$2,0)) -> 100.0673
E18: TMS | F18: NHH | G18: WRMP14 Forecast - Total Water delivered NHH | H18: Ml/d | J18: =INDEX(NHH.Inputs!$O$57:$W$78,MATCH($E18,NHH.Inputs!$E$57:$E$78,0),MATCH(J$2,NHH.Inputs!$O$2:$W$2,0)) -> 505.75165 | K18: =INDEX(NHH.Inputs!$O$57:$W$78,MATCH($E18,NHH.Inputs!$E$57:$E$78,0),MATCH(K$2,NHH.Inputs!$O$2:$W$2,0)) -> 504.52108 | L18: =INDEX(NHH.Inputs!$O$57:$W$78,MATCH($E18,NHH.Inputs!$E$57:$E$78,0),MATCH(L$2,NHH.Inputs!$O$2:$W$2,0)) -> 502.08383 | M18: =INDEX(NHH.Inputs!$O$57:$W$78,MATCH($E18,NHH.Inputs!$E$57:$E$78,0),MATCH(M$2,NHH.Inputs!$O$2:$W$2,0)) -> 499.59574 | N18: =INDEX(NHH.Inputs!$O$57:$W$78,MATCH($E18,NHH.Inputs!$E$57:$E$78,0),MATCH(N$2,NHH.Inputs!$O$2:$W$2,0)) -> 496.58554 | O18: =INDEX(NHH.Inputs!$O$57:$W$78,MATCH($E18,NHH.Inputs!$E$57:$E$78,0),MATCH(O$2,NHH.Inputs!$O$2:$W$2,0)) -> 494.48641 | P18: =INDEX(NHH.Inputs!$O$57:$W$78,MATCH($E18,NHH.Inputs!$E$57:$E$78,0),MATCH(P$2,NHH.Inputs!$O$2:$W$2,0)) -> 492.35515 | Q18: =INDEX(NHH.Inputs!$O$57:$W$78,MATCH($E18,NHH.Inputs!$E$57:$E$78,0),MATCH(Q$2,NHH.Inputs!$O$2:$W$2,0)) -> 491.86318
E19: UUW | F19: NHH | G19: WRMP14 Forecast - Total Water delivered NHH | H19: Ml/d | J19: =INDEX(NHH.Inputs!$O$57:$W$78,MATCH($E19,NHH.Inputs!$E$57:$E$78,0),MATCH(J$2,NHH.Inputs!$O$2:$W$2,0)) -> 351.08443 | K19: =INDEX(NHH.Inputs!$O$57:$W$78,MATCH($E19,NHH.Inputs!$E$57:$E$78,0),MATCH(K$2,NHH.Inputs!$O$2:$W$2,0)) -> 348.74198 | L19: =INDEX(NHH.Inputs!$O$57:$W$78,MATCH($E19,NHH.Inputs!$E$57:$E$78,0),MATCH(L$2,NHH.Inputs!$O$2:$W$2,0)) -> 346.51779 | M19: =INDEX(NHH.Inputs!$O$57:$W$78,MATCH($E19,NHH.Inputs!$E$57:$E$78,0),MATCH(M$2,NHH.Inputs!$O$2:$W$2,0)) -> 344.29407 | N19: =INDEX(NHH.Inputs!$O$57:$W$78,MATCH($E19,NHH.Inputs!$E$57:$E$78,0),MATCH(N$2,NHH.Inputs!$O$2:$W$2,0)) -> 342.02017 | O19: =INDEX(NHH.Inputs!$O$57:$W$78,MATCH($E19,NHH.Inputs!$E$57:$E$78,0),MATCH(O$2,NHH.Inputs!$O$2:$W$2,0)) -> 339.88777 | P19: =INDEX(NHH.Inputs!$O$57:$W$78,MATCH($E19,NHH.Inputs!$E$57:$E$78,0),MATCH(P$2,NHH.Inputs!$O$2:$W$2,0)) -> 337.8774 | Q19: =INDEX(NHH.Inputs!$O$57:$W$78,MATCH($E19,NHH.Inputs!$E$57:$E$78,0),MATCH(Q$2,NHH.Inputs!$O$2:$W$2,0)) -> 335.91878
E20: WSX | F20: NHH | G20: WRMP14 Forecast - Total Water delivered NHH | H20: Ml/d | J20: =INDEX(NHH.Inputs!$O$57:$W$78,MATCH($E20,NHH.Inputs!$E$57:$E$78,0),MATCH(J$2,NHH.Inputs!$O$2:$W$2,0)) -> 93.52653 | K20: =INDEX(NHH.Inputs!$O$57:$W$78,MATCH($E20,NHH.Inputs!$E$57:$E$78,0),MATCH(K$2,NHH.Inputs!$O$2:$W$2,0)) -> 92.419317 | L20: =INDEX(NHH.Inputs!$O$57:$W$78,MATCH($E20,NHH.Inputs!$E$57:$E$78,0),MATCH(L$2,NHH.Inputs!$O$2:$W$2,0)) -> 91.284046 | M20: =INDEX(NHH.Inputs!$O$57:$W$78,MATCH($E20,NHH.Inputs!$E$57:$E$78,0),MATCH(M$2,NHH.Inputs!$O$2:$W$2,0)) -> 90.18811 | N20: =INDEX(NHH.Inputs!$O$57:$W$78,MATCH($E20,NHH.Inputs!$E$57:$E$78,0),MATCH(N$2,NHH.Inputs!$O$2:$W$2,0)) -> 89.179977 | O20: =INDEX(NHH.Inputs!$O$57:$W$78,MATCH($E20,NHH.Inputs!$E$57:$E$78,0),MATCH(O$2,NHH.Inputs!$O$2:$W$2,0)) -> 87.678432 | P20: =INDEX(NHH.Inputs!$O$57:$W$78,MATCH($E20,NHH.Inputs!$E$57:$E$78,0),MATCH(P$2,NHH.Inputs!$O$2:$W$2,0)) -> 86.233213 | Q20: =INDEX(NHH.Inputs!$O$57:$W$78,MATCH($E20,NHH.Inputs!$E$57:$E$78,0),MATCH(Q$2,NHH.Inputs!$O$2:$W$2,0)) -> 84.779433
... E29: SES | F29: NHH | G29: WRMP14 Forecast - Total Water delivered NHH | H29: Ml/d | J29: =INDEX(NHH.Inputs!$O$57:$W$78,MATCH($E29,NHH.Inputs!$E$57:$E$78,0),MATCH(J$2,NHH.Inputs!$O$2:$W$2,0)) -> 25.602434 | K29: =INDEX(NHH.Inputs!$O$57:$W$78,MATCH($E29,NHH.Inputs!$E$57:$E$78,0),MATCH(K$2,NHH.Inputs!$O$2:$W$2,0)) -> 25.569085 | L29: =INDEX(NHH.Inputs!$O$57:$W$78,MATCH($E29,NHH.Inputs!$E$57:$E$78,0),MATCH(L$2,NHH.Inputs!$O$2:$W$2,0)) -> 25.503815 | M29: =INDEX(NHH.Inputs!$O$57:$W$78,MATCH($E29,NHH.Inputs!$E$57:$E$78,0),MATCH(M$2,NHH.Inputs!$O$2:$W$2,0)) -> 25.444721 | N29: =INDEX(NHH.Inputs!$O$57:$W$78,MATCH($E29,NHH.Inputs!$E$57:$E$78,0),MATCH(N$2,NHH.Inputs!$O$2:$W$2,0)) -> 25.391316 | O29: =INDEX(NHH.Inputs!$O$57:$W$78,MATCH($E29,NHH.Inputs!$E$57:$E$78,0),MATCH(O$2,NHH.Inputs!$O$2:$W$2,0)) -> 25.343149 | P29: =INDEX(NHH.Inputs!$O$57:$W$78,MATCH($E29,NHH.Inputs!$E$57:$E$78,0),MATCH(P$2,NHH.Inputs!$O$2:$W$2,0)) -> 25.299804 | Q29: =INDEX(NHH.Inputs!$O$57:$W$78,MATCH($E29,NHH.Inputs!$E$57:$E$78,0),MATCH(Q$2,NHH.Inputs!$O$2:$W$2,0)) -> 25.2609
A31: WRMP14 Forecast 3-Year Average
E33: ANH | F33: NHH | G33: WRMP14 Forecast 3-Year Average | H33: Ml/d | L33: =IF(L9="-","",AVERAGE(J9:L9)) -> 274.46205 | M33: =IF(M9="-","",AVERAGE(K9:M9)) -> 273.10332 | N33: =IF(N9="-","",AVERAGE(L9:N9)) -> 271.95537 | O33: =IF(O9="-","",AVERAGE(M9:O9)) -> 271.02581 | P33: =IF(P9="-","",AVERAGE(N9:P9)) -> 270.09526 | Q33: =IF(Q9="-","",AVERAGE(O9:Q9)) -> 269.16361
E34: WSH | F34: NHH | G34: WRMP14 Forecast 3-Year Average | H34: Ml/d | L34: =IF(L10="-","",AVERAGE(J10:L10)) | M34: =IF(M10="-","",AVERAGE(K10:M10)) | N34: =IF(N10="-","",AVERAGE(L10:N10)) | O34: =IF(O10="-","",AVERAGE(M10:O10)) | P34: =IF(P10="-","",AVERAGE(N10:P10)) | Q34: =IF(Q10="-","",AVERAGE(O10:Q10))
E35: HDD | F35: NHH | G35: WRMP14 Forecast 3-Year Average | H35: Ml/d | L35: =IF(L11="-","",AVERAGE(J11:L11)) | M35: =IF(M11="-","",AVERAGE(K11:M11)) | N35: =IF(N11="-","",AVERAGE(L11:N11)) | O35: =IF(O11="-","",AVERAGE(M11:O11)) | P35: =IF(P11="-","",AVERAGE(N11:P11)) | Q35: =IF(Q11="-","",AVERAGE(O11:Q11))
E36: NES | F36: NHH | G36: WRMP14 Forecast 3-Year Average | H36: Ml/d | L36: =IF(L12="-","",AVERAGE(J12:L12)) -> 229.39826 | M36: =IF(M12="-","",AVERAGE(K12:M12)) -> 229.12454 | N36: =IF(N12="-","",AVERAGE(L12:N12)) -> 228.51363 | O36: =IF(O12="-","",AVERAGE(M12:O12)) -> 228.10229 | P36: =IF(P12="-","",AVERAGE(N12:P12)) -> 227.7102 | Q36: =IF(Q12="-","",AVERAGE(O12:Q12)) -> 227.57525
E37: NES (NNE) | F37: NHH | G37: WRMP14 Forecast 3-Year Average | H37: Ml/d | L37: =IF(L13="-","",AVERAGE(J13:L13)) -> 154.75096 | M37: =IF(M13="-","",AVERAGE(K13:M13)) -> 154.52048 | N37: =IF(N13="-","",AVERAGE(L13:N13)) -> 154.058 | O37: =IF(O13="-","",AVERAGE(M13:O13)) -> 153.74456 | P37: =IF(P13="-","",AVERAGE(N13:P13)) -> 153.431 | Q37: =IF(Q13="-","",AVERAGE(O13:Q13)) -> 153.26942
E38: NES (ESK) | F38: NHH | G38: WRMP14 Forecast 3-Year Average | H38: Ml/d | L38: =IF(L14="-","",AVERAGE(J14:L14)) -> 74.647309 | M38: =IF(M14="-","",AVERAGE(K14:M14)) -> 74.604054 | N38: =IF(N14="-","",AVERAGE(L14:N14)) -> 74.455629 | O38: =IF(O14="-","",AVERAGE(M14:O14)) -> 74.35773 | P38: =IF(P14="-","",AVERAGE(N14:P14)) -> 74.279194 | Q38: =IF(Q14="-","",AVERAGE(O14:Q14)) -> 74.305825
E39: SVE | F39: NHH | G39: WRMP14 Forecast 3-Year Average | H39: Ml/d | L39: =IF(L15="-","",AVERAGE(J15:L15)) -> 340.817 | M39: =IF(M15="-","",AVERAGE(K15:M15)) -> 336.15131 | N39: =IF(N15="-","",AVERAGE(L15:N15)) -> 331.20344 | O39: =IF(O15="-","",AVERAGE(M15:O15)) -> 327.29641 | P39: =IF(P15="-","",AVERAGE(N15:P15)) -> 324.12005 | Q39: =IF(Q15="-","",AVERAGE(O15:Q15)) -> 321.91774
E40: SWB | F40: NHH | G40: WRMP14 Forecast 3-Year Average | H40: Ml/d | L40: =IF(L16="-","",AVERAGE(J16:L16)) -> 151.5435 | M40: =IF(M16="-","",AVERAGE(K16:M16)) -> 149.92146 | N40: =IF(N16="-","",AVERAGE(L16:N16)) -> 148.35638 | O40: =IF(O16="-","",AVERAGE(M16:O16)) -> 146.90443 | P40: =IF(P16="-","",AVERAGE(N16:P16)) -> 145.50826 | Q40: =IF(Q16="-","",AVERAGE(O16:Q16)) -> 144.19172
E41: SRN | F41: NHH | G41: WRMP14 Forecast 3-Year Average | H41: Ml/d | L41: =IF(L17="-","",AVERAGE(J17:L17)) -> 101.76727 | M41: =IF(M17="-","",AVERAGE(K17:M17)) -> 101.5315 | N41: =IF(N17="-","",AVERAGE(L17:N17)) -> 101.34893 | O41: =IF(O17="-","",AVERAGE(M17:O17)) -> 101.14739 | P41: =IF(P17="-","",AVERAGE(N17:P17)) -> 100.80872 | Q41: =IF(Q17="-","",AVERAGE(O17:Q17)) -> 100.48025
E42: TMS | F42: NHH | G42: WRMP14 Forecast 3-Year Average | H42: Ml/d | L42: =IF(L18="-","",AVERAGE(J18:L18)) -> 504.11886 | M42: =IF(M18="-","",AVERAGE(K18:M18)) -> 502.06689 | N42: =IF(N18="-","",AVERAGE(L18:N18)) -> 499.42171 | O42: =IF(O18="-","",AVERAGE(M18:O18)) -> 496.88923 | P42: =IF(P18="-","",AVERAGE(N18:P18)) -> 494.4757 | Q42: =IF(Q18="-","",AVERAGE(O18:Q18)) -> 492.90158
E43: UUW | F43: NHH | G43: WRMP14 Forecast 3-Year Average | H43: Ml/d | L43: =IF(L19="-","",AVERAGE(J19:L19)) -> 348.7814 | M43: =IF(M19="-","",AVERAGE(K19:M19)) -> 346.51795 | N43: =IF(N19="-","",AVERAGE(L19:N19)) -> 344.27735 | O43: =IF(O19="-","",AVERAGE(M19:O19)) -> 342.06734 | P43: =IF(P19="-","",AVERAGE(N19:P19)) -> 339.92845 | Q43: =IF(Q19="-","",AVERAGE(O19:Q19)) -> 337.89465
E44: WSX | F44: NHH | G44: WRMP14 Forecast 3-Year Average | H44: Ml/d | L44: =IF(L20="-","",AVERAGE(J20:L20)) -> 92.409964 | M44: =IF(M20="-","",AVERAGE(K20:M20)) -> 91.297158 | N44: =IF(N20="-","",AVERAGE(L20:N20)) -> 90.217378 | O44: =IF(O20="-","",AVERAGE(M20:O20)) -> 89.015506 | P44: =IF(P20="-","",AVERAGE(N20:P20)) -> 87.697207 | Q44: =IF(Q20="-","",AVERAGE(O20:Q20)) -> 86.230359
... E53: SES | F53: NHH | G53: WRMP14 Forecast 3-Year Average | H53: Ml/d | L53: =IF(L29="-","",AVERAGE(J29:L29)) -> 25.558445 | M53: =IF(M29="-","",AVERAGE(K29:M29)) -> 25.505874 | N53: =IF(N29="-","",AVERAGE(L29:N29)) -> 25.446617 | O53: =IF(O29="-","",AVERAGE(M29:O29)) -> 25.393062 | P53: =IF(P29="-","",AVERAGE(N29:P29)) -> 25.344756 | Q53: =IF(Q29="-","",AVERAGE(O29:Q29)) -> 25.301284
A55: END

Sheet NHH.P.Range
A1: =RIGHT(CELL("filename", A1), LEN(CELL("filename", A1)) - SEARCH("]", CELL("filename", A1))) -> NHH.P.Range
J2: 2013-14 | K2: 2014-15 | L2: 2015-16 | M2: 2016-17 | N2: 2017-18 | O2: 2018-19 | P2: 2019-20
E3: Company | F3: Performance Commitment | G3: Measure | H3: Unit
A7: [INPUT] Total non-household consumption (excluding supply pipe leakage) 3-Year Average
E9: ANH | F9: NHH | G9: Total non-household consumption (excluding supply pipe leakage) 3-Year Average | H9: Ml/d | J9: =NHH.Performance!L81 -> 267.38771 | K9: =NHH.Performance!M81 -> 271.51393 | L9: =NHH.Performance!N81 -> 270.55334 | M9: =NHH.Performance!O81 -> 268.73378 | N9: =NHH.Performance!P81 -> 270.10772 | O9: =NHH.Performance!Q81 -> 277.91139 | P9: =NHH.Performance!R81 -> 283.51823
E10: WSH | F10: NHH | G10: Total non-household consumption (excluding supply pipe leakage) 3-Year Average | H10: Ml/d | J10: =NHH.Performance!L82 -> 177.41746 | K10: =NHH.Performance!M82 -> 175.52927 | L10: =NHH.Performance!N82 -> 176.10028 | M10: =NHH.Performance!O82 -> 177.33682 | N10: =NHH.Performance!P82 -> 175.38232 | O10: =NHH.Performance!Q82 -> 178.78205 | P10: =NHH.Performance!R82 -> 178.66135
E11: HDD | F11: NHH | G11: Total non-household consumption (excluding supply pipe leakage) 3-Year Average | H11: Ml/d | J11: =NHH.Performance!L83 -> 18.280911 | K11: =NHH.Performance!M83 -> 18.200696 | L11: =NHH.Performance!N83 -> 17.999144 | M11: =NHH.Performance!O83 -> 18.448235 | N11: =NHH.Performance!P83 -> 18.622238 | O11: =NHH.Performance!Q83 -> 18.156488 | P11: =NHH.Performance!R83 -> 17.015698
E12: NES | F12: NHH | G12: Total non-household consumption (excluding supply pipe leakage) 3-Year Average | H12: Ml/d | J12: =NHH.Performance!L84 -> 242.27 | K12: =NHH.Performance!M84 -> 234.32667 | L12: =NHH.Performance!N84 -> 228.98333 | M12: =NHH.Performance!O84 -> 228.84667 | N12: =NHH.Performance!P84 -> 225.44333 | O12: =NHH.Performance!Q84 -> 223.89333 | P12: =NHH.Performance!R84 -> 217.93
E13: NES (NNE) | F13: NHH | G13: Total non-household consumption (excluding supply pipe leakage) 3-Year Average | H13: Ml/d | J13: =NHH.Performance!L85 -> 157.92 | K13: =NHH.Performance!M85 -> 154.97667 | L13: =NHH.Performance!N85 -> 151.53 | M13: =NHH.Performance!O85 -> 150.48667 | N13: =NHH.Performance!P85 -> 147.48 | O13: =NHH.Performance!Q85 -> 146.52 | P13: =NHH.Performance!R85 -> 143.20333
E14: NES (ESK) | F14: NHH | G14: Total non-household consumption (excluding supply pipe leakage) 3-Year Average | H14: Ml/d | J14: =NHH.Performance!L86 -> 84.353333 | K14: =NHH.Performance!M86 -> 79.353333 | L14: =NHH.Performance!N86 -> 77.453333 | M14: =NHH.Performance!O86 -> 78.356667 | N14: =NHH.Performance!P86 -> 77.96 | O14: =NHH.Performance!Q86 -> 77.366667 | P14: =NHH.Performance!R86 -> 74.72
E15: SVE | F15: NHH | G15: Total non-household consumption (excluding supply pipe leakage) 3-Year Average | H15: Ml/d | J15: =NHH.Performance!L87 -> 364.82715 | K15: =NHH.Performance!M87 -> 361.76089 | L15: =NHH.Performance!N87 -> 368.95435 | M15: =NHH.Performance!O87 -> 369.9054 | N15: =NHH.Performance!P87 -> 367.39395 | O15: =NHH.Performance!Q87 -> 366.01017 | P15: =NHH.Performance!R87 -> 368.16074
E16: SWB | F16: NHH | G16: Total non-household consumption (excluding supply pipe leakage) 3-Year Average | H16: Ml/d | J16: =NHH.Performance!L88 -> 157.72454 | K16: =NHH.Performance!M88 -> 156.60368 | L16: =NHH.Performance!N88 -> 154.80101 | M16: =NHH.Performance!O88 -> 151.45366 | N16: =NHH.Performance!P88 -> 147.48792 | O16: =NHH.Performance!Q88 -> 148.16528 | P16: =NHH.Performance!R88 -> 146.167
E17: SRN | F17: NHH | G17: Total non-household consumption (excluding supply pipe leakage) 3-Year Average | H17: Ml/d | J17: =NHH.Performance!L89 -> 100.10044 | K17: =NHH.Performance!M89 -> 104.27756 | L17: =NHH.Performance!N89 -> 106.5144 | M17: =NHH.Performance!O89 -> 108.56564 | N17: =NHH.Performance!P89 -> 112.5934 | O17: =NHH.Performance!Q89 -> 115.88212 | P17: =NHH.Performance!R89 -> 116.95478
E18: TMS | F18: NHH | G18: Total non-household consumption (excluding supply pipe leakage) 3-Year Average | H18: Ml/d | J18: =NHH.Performance!L90 -> 497.69667 | K18: =NHH.Performance!M90 -> 499.84333 | L18: =NHH.Performance!N90 -> 502.98667 | M18: =NHH.Performance!O90 -> 495.44 | N18: =NHH.Performance!P90 -> 490.00667 | O18: =NHH.Performance!Q90 -> 483.09667 | P18: =NHH.Performance!R90 -> 477.02155
E19: UUW | F19: NHH | G19: Total non-household consumption (excluding supply pipe leakage) 3-Year Average | H19: Ml/d | J19: =NHH.Performance!L91 -> 370.65957 | K19: =NHH.Performance!M91 -> 365.5442 | L19: =NHH.Performance!N91 -> 364.64716 | M19: =NHH.Performance!O91 -> 367.06827 | N19: =NHH.Performance!P91 -> 368.18612 | O19: =NHH.Performance!Q91 -> 370.43054 | P19: =NHH.Performance!R91 -> 373.32929
E20: WSX | F20: NHH | G20: Total non-household consumption (excluding supply pipe leakage) 3-Year Average | H20: Ml/d | J20: =NHH.Performance!L92 -> 99.216667 | K20: =NHH.Performance!M92 -> 98.326667 | L20: =NHH.Performance!N92 -> 98.936667 | M20: =NHH.Performance!O92 -> 98.36 | N20: =NHH.Performance!P92 -> 98.096667 | O20: =NHH.Performance!Q92 -> 98.726667 | P20: =NHH.Performance!R92 -> 97.936667
... E29: SES | F29: NHH | G29: Total non-household consumption (excluding supply pipe leakage) 3-Year Average | H29: Ml/d | J29: =NHH.Performance!L101 -> 24.657663 | K29: =NHH.Performance!M101 -> 24.69 | L29: =NHH.Performance!N101 -> 25.196667 | M29: =NHH.Performance!O101 -> 26.153333 | N29: =NHH.Performance!P101 -> 25.983333 | O29: =NHH.Performance!Q101 -> 25.536667 | P29: =NHH.Performance!R101 -> 24.713333
A31: [INPUT] WRMP14 Forecast 3-Year Average
E33: ANH | F33: NHH | G33: WRMP14 Forecast 3-Year Average | H33: Ml/d | N33: =NHH.WRMP!L33 -> 274.46205 | O33: =NHH.WRMP!M33 -> 273.10332 | P33: =NHH.WRMP!N33 -> 271.95537
E34: WSH | F34: NHH | G34: WRMP14 Forecast 3-Year Average | H34: Ml/d | N34: =NHH.WRMP!L34 | O34: =NHH.WRMP!M34 | P34: =NHH.WRMP!N34
E35: HDD | F35: NHH | G35: WRMP14 Forecast 3-Year Average | H35: Ml/d | N35: =NHH.WRMP!L35 | O35: =NHH.WRMP!M35 | P35: =NHH.WRMP!N35
E36: NES | F36: NHH | G36: WRMP14 Forecast 3-Year Average | H36: Ml/d | N36: =NHH.WRMP!L36 -> 229.39826 | O36: =NHH.WRMP!M36 -> 229.12454 | P36: =NHH.WRMP!N36 -> 228.51363
E37: NES (NNE) | F37: NHH | G37: WRMP14 Forecast 3-Year Average | H37: Ml/d | N37: =NHH.WRMP!L37 -> 154.75096 | O37: =NHH.WRMP!M37 -> 154.52048 | P37: =NHH.WRMP!N37 -> 154.058
E38: NES (ESK) | F38: NHH | G38: WRMP14 Forecast 3-Year Average | H38: Ml/d | N38: =NHH.WRMP!L38 -> 74.647309 | O38: =NHH.WRMP!M38 -> 74.604054 | P38: =NHH.WRMP!N38 -> 74.455629
E39: SVE | F39: NHH | G39: WRMP14 Forecast 3-Year Average | H39: Ml/d | N39: =NHH.WRMP!L39 -> 340.817 | O39: =NHH.WRMP!M39 -> 336.15131 | P39: =NHH.WRMP!N39 -> 331.20344
E40: SWB | F40: NHH | G40: WRMP14 Forecast 3-Year Average | H40: Ml/d | N40: =NHH.WRMP!L40 -> 151.5435 | O40: =NHH.WRMP!M40 -> 149.92146 | P40: =NHH.WRMP!N40 -> 148.35638
E41: SRN | F41: NHH | G41: WRMP14 Forecast 3-Year Average | H41: Ml/d | N41: =NHH.WRMP!L41 -> 101.76727 | O41: =NHH.WRMP!M41 -> 101.5315 | P41: =NHH.WRMP!N41 -> 101.34893
E42: TMS | F42: NHH | G42: WRMP14 Forecast 3-Year Average | H42: Ml/d | N42: =NHH.WRMP!L42 -> 504.11886 | O42: =NHH.WRMP!M42 -> 502.06689 | P42: =NHH.WRMP!N42 -> 499.42171
E43: UUW | F43: NHH | G43: WRMP14 Forecast 3-Year Average | H43: Ml/d | N43: =NHH.WRMP!L43 -> 348.7814 | O43: =NHH.WRMP!M43 -> 346.51795 | P43: =NHH.WRMP!N43 -> 344.27735
E44: WSX | F44: NHH | G44: WRMP14 Forecast 3-Year Average | H44: Ml/d | N44: =NHH.WRMP!L44 -> 92.409964 | O44: =NHH.WRMP!M44 -> 91.297158 | P44: =NHH.WRMP!N44 -> 90.217378
... E53: SES | F53: NHH | G53: WRMP14 Forecast 3-Year Average | H53: Ml/d | N53: =NHH.WRMP!L53 -> 25.558445 | O53: =NHH.WRMP!M53 -> 25.505874 | P53: =NHH.WRMP!N53 -> 25.446617
A55: Performance difference to target (Numeric)
E57: ANH | F57: NHH | G57: Performance difference to target (Numeric) | H57: Ml/d | N57: =IF(N33="","",N33-N9) -> 4.3543384 | O57: =IF(O33="","",O33-O9) -> -4.8080712 | P57: =IF(P33="","",P33-P9) -> -11.562856
E58: WSH | F58: NHH | G58: Performance difference to target (Numeric) | H58: Ml/d | N58: =IF(N34="","",N34-N10) | O58: =IF(O34="","",O34-O10) | P58: =IF(P34="","",P34-P10)
E59: HDD | F59: NHH | G59: Performance difference to target (Numeric) | H59: Ml/d | N59: =IF(N35="","",N35-N11) | O59: =IF(O35="","",O35-O11) | P59: =IF(P35="","",P35-P11)
E60: NES | F60: NHH | G60: Performance difference to target (Numeric) | H60: Ml/d | N60: =IF(N36="","",N36-N12) -> 3.9549306 | O60: =IF(O36="","",O36-O12) -> 5.2312035 | P60: =IF(P36="","",P36-P12) -> 10.583629
E61: NES (NNE) | F61: NHH | G61: Performance difference to target (Numeric) | H61: Ml/d | N61: =IF(N37="","",N37-N13) -> 7.2709553 | O61: =IF(O37="","",O37-O13) -> 8.0004827 | P61: =IF(P37="","",P37-P13) -> 10.854666
E62: NES (ESK) | F62: NHH | G62: Performance difference to target (Numeric) | H62: Ml/d | N62: =IF(N38="","",N38-N14) -> -3.3126914 | O62: =IF(O38="","",O38-O14) -> -2.7626126 | P62: =IF(P38="","",P38-P14) -> -0.26437081
E63: SVE | F63: NHH | G63: Performance difference to target (Numeric) | H63: Ml/d | N63: =IF(N39="","",N39-N15) -> -26.576945 | O63: =IF(O39="","",O39-O15) -> -29.858861 | P63: =IF(P39="","",P39-P15) -> -36.957306
E64: SWB | F64: NHH | G64: Performance difference to target (Numeric) | H64: Ml/d | N64: =IF(N40="","",N40-N16) -> 4.0555781 | O64: =IF(O40="","",O40-O16) -> 1.7561784 | P64: =IF(P40="","",P40-P16) -> 2.1893799
E65: SRN | F65: NHH | G65: Performance difference to target (Numeric) | H65: Ml/d | N65: =IF(N41="","",N41-N17) -> -10.826129 | O65: =IF(O41="","",O41-O17) -> -14.350616 | P65: =IF(P41="","",P41-P17) -> -15.605855
E66: TMS | F66: NHH | G66: Performance difference to target (Numeric) | H66: Ml/d | N66: =IF(N42="","",N42-N18) -> 14.112188 | O66: =IF(O42="","",O42-O18) -> 18.97022 | P66: =IF(P42="","",P42-P18) -> 22.400153
E67: UUW | F67: NHH | G67: Performance difference to target (Numeric) | H67: Ml/d | N67: =IF(N43="","",N43-N19) -> -19.404716 | O67: =IF(O43="","",O43-O19) -> -23.91259 | P67: =IF(P43="","",P43-P19) -> -29.05194
E68: WSX | F68: NHH | G68: Performance difference to target (Numeric) | H68: Ml/d | N68: =IF(N44="","",N44-N20) -> -5.6867025 | O68: =IF(O44="","",O44-O20) -> -7.429509 | P68: =IF(P44="","",P44-P20) -> -7.7192891
... E77: SES | F77: NHH | G77: Performance difference to target (Numeric) | H77: Ml/d | N77: =IF(N53="","",N53-N29) -> -0.42488879 | O77: =IF(O53="","",O53-O29) -> -0.03079286 | P77: =IF(P53="","",P53-P29) -> 0.73328413
A79: Performance difference to target (% of target)
E81: ANH | F81: NHH | G81: Performance difference to target (% of target) | H81: % | N81: =IF(N57="","",N57/N33) -> 0.015864992 | O81: =IF(O57="","",O57/O33) -> -0.01760532 | P81: =IF(P57="","",P57/P33) -> -0.042517477
E82: WSH | F82: NHH | G82: Performance difference to target (% of target) | H82: % | N82: =IF(N58="","",N58/N34) | O82: =IF(O58="","",O58/O34) | P82: =IF(P58="","",P58/P34)
E83: HDD | F83: NHH | G83: Performance difference to target (% of target) | H83: % | N83: =IF(N59="","",N59/N35) | O83: =IF(O59="","",O59/O35) | P83: =IF(P59="","",P59/P35)
E84: NES | F84: NHH | G84: Performance difference to target (% of target) | H84: % | N84: =IF(N60="","",N60/N36) -> 0.017240456 | O84: =IF(O60="","",O60/O36) -> 0.022831267 | P84: =IF(P60="","",P60/P36) -> 0.046315088
E85: NES (NNE) | F85: NHH | G85: Performance difference to target (% of target) | H85: % | N85: =IF(N61="","",N61/N37) -> 0.046984882 | O85: =IF(O61="","",O61/O37) -> 0.051776195 | P85: =IF(P61="","",P61/P37) -> 0.07045831
E86: NES (ESK) | F86: NHH | G86: Performance difference to target (% of target) | H86: % | N86: =IF(N62="","",N62/N38) -> -0.044377909 | O86: =IF(O62="","",O62/O38) -> -0.037030327 | P86: =IF(P62="","",P62/P38) -> -0.0035507162
E87: SVE | F87: NHH | G87: Performance difference to target (% of target) | H87: % | N87: =IF(N63="","",N63/N39) -> -0.077980104 | O87: =IF(O63="","",O63/O39) -> -0.088825656 | P87: =IF(P63="","",P63/P39) -> -0.11158491
E88: SWB | F88: NHH | G88: Performance difference to target (% of target) | H88: % | N88: =IF(N64="","",N64/N40) -> 0.026761808 | O88: =IF(O64="","",O64/O40) -> 0.011713989 | P88: =IF(P64="","",P64/P40) -> 0.014757571
E89: SRN | F89: NHH | G89: Performance difference to target (% of target) | H89: % | N89: =IF(N65="","",N65/N41) -> -0.10638124 | O89: =IF(O65="","",O65/O41) -> -0.14134151 | P89: =IF(P65="","",P65/P41) -> -0.15398145
E90: TMS | F90: NHH | G90: Performance difference to target (% of target) | H90: % | N90: =IF(N66="","",N66/N42) -> 0.027993772 | O90: =IF(O66="","",O66/O42) -> 0.037784249 | P90: =IF(P66="","",P66/P42) -> 0.04485218
E91: UUW | F91: NHH | G91: Performance difference to target (% of target) | H91: % | N91: =IF(N67="","",N67/N43) -> -0.055635754 | O91: =IF(O67="","",O67/O43) -> -0.06900823 | P91: =IF(P67="","",P67/P43) -> -0.08438528
E92: WSX | F92: NHH | G92: Performance difference to target (% of target) | H92: % | N92: =IF(N68="","",N68/N44) -> -0.061537763 | O92: =IF(O68="","",O68/O44) -> -0.081377221 | P92: =IF(P68="","",P68/P44) -> -0.085563218
... E101: SES | F101: NHH | G101: Performance difference to target (% of target) | H101: % | N101: =IF(N77="","",N77/N53) -> -0.016624204 | O101: =IF(O77="","",O77/O53) -> -0.0012072851 | P101: =IF(P77="","",P77/P53) -> 0.028816566
A103: END

Sheet NHH.Percentiles
A1: =RIGHT(CELL("filename", A1), LEN(CELL("filename", A1)) - SEARCH("]", CELL("filename", A1))) -> NHH.Percentiles
M2: 2017-18 | N2: 2018-19 | O2: 2019-20
E3: Company | F3: Performance Commitment | G3: Measure | H3: Percentile | I3: Helper 1 | J3: Helper 2 | K3: Value
A7: [INPUT] Performance difference to target (% of target)
E9: ANH | F9: NHH | G9: Performance difference to target (% of target) | M9: ='NHH.P.Range'!N81 -> 0.015864992 | N9: ='NHH.P.Range'!O81 -> -0.01760532 | O9: ='NHH.P.Range'!P81 -> -0.042517477
E10: WSH | F10: NHH | G10: Performance difference to target (% of target) | M10: ='NHH.P.Range'!N82 | N10: ='NHH.P.Range'!O82 | O10: ='NHH.P.Range'!P82
E11: HDD | F11: NHH | G11: Performance difference to target (% of target) | M11: ='NHH.P.Range'!N83 | N11: ='NHH.P.Range'!O83 | O11: ='NHH.P.Range'!P83
E12: NES | F12: NHH | G12: Performance difference to target (% of target) | M12: ='NHH.P.Range'!N84 -> 0.017240456 | N12: ='NHH.P.Range'!O84 -> 0.022831267 | O12: ='NHH.P.Range'!P84 -> 0.046315088
E13: NES (NNE) | F13: NHH | G13: Performance difference to target (% of target) | M13: ='NHH.P.Range'!N85 -> 0.046984882 | N13: ='NHH.P.Range'!O85 -> 0.051776195 | O13: ='NHH.P.Range'!P85 -> 0.07045831
E14: NES (ESK) | F14: NHH | G14: Performance difference to target (% of target) | M14: ='NHH.P.Range'!N86 -> -0.044377909 | N14: ='NHH.P.Range'!O86 -> -0.037030327 | O14: ='NHH.P.Range'!P86 -> -0.0035507162
E15: SVE | F15: NHH | G15: Performance difference to target (% of target) | M15: ='NHH.P.Range'!N87 -> -0.077980104 | N15: ='NHH.P.Range'!O87 -> -0.088825656 | O15: ='NHH.P.Range'!P87 -> -0.11158491
E16: SWB | F16: NHH | G16: Performance difference to target (% of target) | M16: ='NHH.P.Range'!N88 -> 0.026761808 | N16: ='NHH.P.Range'!O88 -> 0.011713989 | O16: ='NHH.P.Range'!P88 -> 0.014757571
E17: SRN | F17: NHH | G17: Performance difference to target (% of target) | M17: ='NHH.P.Range'!N89 -> -0.10638124 | N17: ='NHH.P.Range'!O89 -> -0.14134151 | O17: ='NHH.P.Range'!P89 -> -0.15398145
E18: TMS | F18: NHH | G18: Performance difference to target (% of target) | M18: ='NHH.P.Range'!N90 -> 0.027993772 | N18: ='NHH.P.Range'!O90 -> 0.037784249 | O18: ='NHH.P.Range'!P90 -> 0.04485218
E19: UUW | F19: NHH | G19: Performance difference to target (% of target) | M19: ='NHH.P.Range'!N91 -> -0.055635754 | N19: ='NHH.P.Range'!O91 -> -0.06900823 | O19: ='NHH.P.Range'!P91 -> -0.08438528
E20: WSX | F20: NHH | G20: Performance difference to target (% of target) | M20: ='NHH.P.Range'!N92 -> -0.061537763 | N20: ='NHH.P.Range'!O92 -> -0.081377221 | O20: ='NHH.P.Range'!P92 -> -0.085563218
... E29: SES | F29: NHH | G29: Performance difference to target (% of target) | M29: ='NHH.P.Range'!N101 -> -0.016624204 | N29: ='NHH.P.Range'!O101 -> -0.0012072851 | O29: ='NHH.P.Range'!P101 -> 0.028816566
A31: Industry-wide Performance Percentiles
F33: NHH | G33: Performance difference to target (% of target) | H33: P10 | I33: 0.1 | K33: =_xlfn.PERCENTILE.INC($M$9:$O$29,I33) -> -0.10034753
F34: NHH | G34: Performance difference to target (% of target) | H34: P15 | I34: 0.15 | K34: =_xlfn.PERCENTILE.INC($M$9:$O$29,I34) -> -0.085092043
F35: NHH | G35: Performance difference to target (% of target) | H35: P20 | I35: 0.2 | K35: =_xlfn.PERCENTILE.INC($M$9:$O$29,I35) -> -0.076185729
F36: NHH | G36: Performance difference to target (% of target) | H36: P25 | I36: 0.25 | K36: =_xlfn.PERCENTILE.INC($M$9:$O$29,I36) -> -0.063207222
F37: NHH | G37: Performance difference to target (% of target) | H37: P30 | I37: 0.3 | K37: =_xlfn.PERCENTILE.INC($M$9:$O$29,I37) -> -0.056816156
F38: NHH | G38: Performance difference to target (% of target) | H38: P35 | I38: 0.35 | K38: =_xlfn.PERCENTILE.INC($M$9:$O$29,I38) -> -0.04326165
F39: NHH | G39: Performance difference to target (% of target) | H39: P40 | I39: 0.4 | K39: =_xlfn.PERCENTILE.INC($M$9:$O$29,I39) -> -0.030052787
F40: NHH | G40: Performance difference to target (% of target) | H40: P45 | I40: 0.45 | K40: =_xlfn.PERCENTILE.INC($M$9:$O$29,I40) -> -0.015757989
F41: NHH | G41: Performance difference to target (% of target) | H41: P50 | I41: 0.5 | K41: =_xlfn.PERCENTILE.INC($M$9:$O$29,I41) -> -0.0035507162
F42: NHH | G42: Performance difference to target (% of target) | H42: P55 | I42: 0.55 | K42: =_xlfn.PERCENTILE.INC($M$9:$O$29,I42) -> 0.0095692786
F43: NHH | G43: Performance difference to target (% of target) | H43: P60 | I43: 0.6 | K43: =_xlfn.PERCENTILE.INC($M$9:$O$29,I43) -> 0.015069078
F44: NHH | G44: Performance difference to target (% of target) | H44: P65 | I44: 0.65 | K44: =_xlfn.PERCENTILE.INC($M$9:$O$29,I44) -> 0.01947678
... F49: NHH | G49: Performance difference to target (% of target) | H49: P90 | I49: 0.9 | K49: =_xlfn.PERCENTILE.INC($M$9:$O$29,I49) -> 0.048901407
A51: Industry-wide Performance Percentiles (P50 adjusted to zero)
M52: =K41 -> -0.0035507162 | N52: <- adjustment value
F53: NHH | G53: Performance difference to target (% of target) | H53: P10 | I53: 0.1 | K53: =K33-$M$52 -> -0.096796811
F54: NHH | G54: Performance difference to target (% of target) | H54: P15 | I54: 0.15 | K54: =K34-$M$52 -> -0.081541326
F55: NHH | G55: Performance difference to target (% of target) | H55: P20 | I55: 0.2 | K55: =K35-$M$52 -> -0.072635013
F56: NHH | G56: Performance difference to target (% of target) | H56: P25 | I56: 0.25 | K56: =K36-$M$52 -> -0.059656506
F57: NHH | G57: Performance difference to target (% of target) | H57: P30 | I57: 0.3 | K57: =K37-$M$52 -> -0.05326544
F58: NHH | G58: Performance difference to target (% of target) | H58: P35 | I58: 0.35 | K58: =K38-$M$52 -> -0.039710934
F59: NHH | G59: Performance difference to target (% of target) | H59: P40 | I59: 0.4 | K59: =K39-$M$52 -> -0.026502071
F60: NHH | G60: Performance difference to target (% of target) | H60: P45 | I60: 0.45 | K60: =K40-$M$52 -> -0.012207273
F61: NHH | G61: Performance difference to target (% of target) | H61: P50 | I61: 0.5 | K61: =K41-$M$52 -> 0
F62: NHH | G62: Performance difference to target (% of target) | H62: P55 | I62: 0.55 | K62: =K42-$M$52 -> 0.013119995
F63: NHH | G63: Performance difference to target (% of target) | H63: P60 | I63: 0.6 | K63: =K43-$M$52 -> 0.018619794
F64: NHH | G64: Performance difference to target (% of target) | H64: P65 | I64: 0.65 | K64: =K44-$M$52 -> 0.023027496
... F69: NHH | G69: Performance difference to target (% of target) | H69: P90 | I69: 0.9 | K69: =K49-$M$52 -> 0.052452123
A71: Industry-wide Performance Percentiles (P50 adjusted to zero) (Mirrored P10 to P90 to adjusting for lasting effects of Covid-19)
F73: NHH | G73: Performance difference to target (% of target) | H73: P10 | I73: 0.1 | J73: 1 | K73: =INDEX($K$53:$K$69,MATCH(I73,$I$53:$I$69,0))*J73 -> -0.096796811
F74: NHH | G74: Performance difference to target (% of target) | H74: P15 | I74: 0.15 | J74: 1 | K74: =INDEX($K$53:$K$69,MATCH(I74,$I$53:$I$69,0))*J74 -> -0.081541326
F75: NHH | G75: Performance difference to target (% of target) | H75: P20 | I75: 0.2 | J75: 1 | K75: =INDEX($K$53:$K$69,MATCH(I75,$I$53:$I$69,0))*J75 -> -0.072635013
F76: NHH | G76: Performance difference to target (% of target) | H76: P25 | I76: 0.25 | J76: 1 | K76: =INDEX($K$53:$K$69,MATCH(I76,$I$53:$I$69,0))*J76 -> -0.059656506
F77: NHH | G77: Performance difference to target (% of target) | H77: P30 | I77: 0.3 | J77: 1 | K77: =INDEX($K$53:$K$69,MATCH(I77,$I$53:$I$69,0))*J77 -> -0.05326544
F78: NHH | G78: Performance difference to target (% of target) | H78: P35 | I78: 0.35 | J78: 1 | K78: =INDEX($K$53:$K$69,MATCH(I78,$I$53:$I$69,0))*J78 -> -0.039710934
F79: NHH | G79: Performance difference to target (% of target) | H79: P40 | I79: 0.4 | J79: 1 | K79: =INDEX($K$53:$K$69,MATCH(I79,$I$53:$I$69,0))*J79 -> -0.026502071
F80: NHH | G80: Performance difference to target (% of target) | H80: P45 | I80: 0.45 | J80: 1 | K80: =INDEX($K$53:$K$69,MATCH(I80,$I$53:$I$69,0))*J80 -> -0.012207273
F81: NHH | G81: Performance difference to target (% of target) | H81: P50 | I81: 0.5 | J81: 1 | K81: =INDEX($K$53:$K$69,MATCH(I81,$I$53:$I$69,0))*J81 -> 0
F82: NHH | G82: Performance difference to target (% of target) | H82: P55 | I82: 0.45 | J82: -1 | K82: =INDEX($K$53:$K$69,MATCH(I82,$I$53:$I$69,0))*J82 -> 0.012207273
F83: NHH | G83: Performance difference to target (% of target) | H83: P60 | I83: 0.4 | J83: -1 | K83: =INDEX($K$53:$K$69,MATCH(I83,$I$53:$I$69,0))*J83 -> 0.026502071
F84: NHH | G84: Performance difference to target (% of target) | H84: P65 | I84: 0.35 | J84: -1 | K84: =INDEX($K$53:$K$69,MATCH(I84,$I$53:$I$69,0))*J84 -> 0.039710934
... F89: NHH | G89: Performance difference to target (% of target) | H89: P90 | I89: 0.1 | J89: -1 | K89: =INDEX($K$53:$K$69,MATCH(I89,$I$53:$I$69,0))*J89 -> 0.096796811
A91: END

Sheet PCC.Performance
A1: =RIGHT(CELL("filename", A1), LEN(CELL("filename", A1)) - SEARCH("]", CELL("filename", A1))) -> PCC.Performance
J2: 2014-15 | K2: 2015-16 | L2: 2016-17 | M2: 2017-18 | N2: 2018-19 | O2: 2019-20 | P2: 2020-21 | Q2: 2021-22 | R2: 2022-23 | S2: 2023-24
E3: Company | F3: Performance Commitment | G3: Measure | H3: Unit
A7: [INPUT] PCC Performance as reported in business plan submissions (2023)
E9: ANH | F9: PCC | G9: 3-Year average per capita consumption | H9: l/p/d | O9: =PCC.Inputs!Q9 -> 134.99391 | P9: =PCC.Inputs!R9 -> 139.03659 | Q9: =PCC.Inputs!S9 -> 138.72994 | R9: =PCC.Inputs!T9 -> 138.40089 | S9: =PCC.Inputs!U9 -> 131.94799
E10: WSH | F10: PCC | G10: 3-Year average per capita consumption | H10: l/p/d | O10: =PCC.Inputs!Q10 -> 145.70441 | P10: =PCC.Inputs!R10 -> 151.45371 | Q10: =PCC.Inputs!S10 -> 153.85332 | R10: =PCC.Inputs!T10 -> 154.79902 | S10: =PCC.Inputs!U10 -> 150.68517
E11: HDD | F11: PCC | G11: 3-Year average per capita consumption | H11: l/p/d | O11: =PCC.Inputs!Q11 -> 128.94099 | P11: =PCC.Inputs!R11 -> 131.37978 | Q11: =PCC.Inputs!S11 -> 133.65367 | R11: =PCC.Inputs!T11 -> 135.07889 | S11: =PCC.Inputs!U11 -> 130.59066
E12: NES | F12: PCC | G12: 3-Year average per capita consumption | H12: l/p/d | O12: =PCC.Inputs!Q12 -> 150.65617 | P12: =PCC.Inputs!R12 -> 156.29896 | Q12: =PCC.Inputs!S12 -> 157.71714 | R12: =PCC.Inputs!T12 -> 159.10008 | S12: =PCC.Inputs!U12 -> 154.71209
E13: NES (NNE) | F13: PCC | G13: 3-Year average per capita consumption (Region 1) | H13: l/p/d | O13: =PCC.Inputs!Q13 -> 145.94755 | P13: =PCC.Inputs!R13 -> 152.265 | Q13: =PCC.Inputs!S13 -> 155.28117 | R13: =PCC.Inputs!T13 -> 157.89837 | S13: =PCC.Inputs!U13 -> 154.40186
E14: NES (ESK) | F14: PCC | G14: 3-Year average per capita consumption (Region 2) | H14: l/p/d | O14: =PCC.Inputs!Q14 -> 156.82409 | P14: =PCC.Inputs!R14 -> 161.57244 | Q14: =PCC.Inputs!S14 -> 160.90772 | R14: =PCC.Inputs!T14 -> 160.69273 | S14: =PCC.Inputs!U14 -> 155.13372
E15: SVE | F15: PCC | G15: 3-Year average per capita consumption | H15: l/p/d | O15: =PCC.Inputs!Q15 -> 133.7 | P15: =PCC.Inputs!R15 -> 137.13333 | Q15: =PCC.Inputs!S15 -> 138.4 | R15: =PCC.Inputs!T15 -> 137.53196 | S15: =PCC.Inputs!U15 -> 131.25653
E16: SWB | F16: PCC | G16: 3-Year average per capita consumption | H16: l/p/d | O16: =PCC.Inputs!Q16 -> 146.01339 | P16: =PCC.Inputs!R16 -> 144.91414 | Q16: =PCC.Inputs!S16 -> 142.08015 | R16: =PCC.Inputs!T16 -> 144.93632 | S16: =PCC.Inputs!U16 -> 147.79297
E17: SRN | F17: PCC | G17: 3-Year average per capita consumption | H17: l/p/d | O17: =PCC.Inputs!Q17 -> 127.96312 | P17: =PCC.Inputs!R17 -> 131.74576 | Q17: =PCC.Inputs!S17 -> 132.77548 | R17: =PCC.Inputs!T17 -> 133.42672 | S17: =PCC.Inputs!U17 -> 130.32224
E18: TMS | F18: PCC | G18: 3-Year average per capita consumption | H18: l/p/d | O18: =PCC.Inputs!Q18 -> 145.22165 | P18: =PCC.Inputs!R18 -> 147.55806 | Q18: =PCC.Inputs!S18 -> 146.71431 | R18: =PCC.Inputs!T18 -> 145.3399 | S18: =PCC.Inputs!U18 -> 140.65564
E19: UUW | F19: PCC | G19: 3-Year average per capita consumption | H19: l/p/d | O19: =PCC.Inputs!Q19 -> 144.03057 | P19: =PCC.Inputs!R19 -> 146.54161 | Q19: =PCC.Inputs!S19 -> 146.06053 | R19: =PCC.Inputs!T19 -> 144.73074 | S19: =PCC.Inputs!U19 -> 140.40208
E20: WSX | F20: PCC | G20: 3-Year average per capita consumption | H20: l/p/d | O20: =PCC.Inputs!Q20 -> 137.82381 | P20: =PCC.Inputs!R20 -> 143.13763 | Q20: =PCC.Inputs!S20 -> 144.99667 | R20: =PCC.Inputs!T20 -> 145.15481 | S20: =PCC.Inputs!U20 -> 138.83639
... E29: SES | F29: PCC | G29: 3-Year average per capita consumption | H29: l/p/d | O29: =PCC.Inputs!Q29 -> 149.00575 | P29: =PCC.Inputs!R29 -> 154.59017 | Q29: =PCC.Inputs!S29 -> 152.6352 | R29: =PCC.Inputs!T29 -> 155.13209 | S29: =PCC.Inputs!U29 -> 149.39938
A31: [INPUT] PCC performance (reported in terms of historical reporting methodologies)
E33: ANH | F33: PCC | G33: 3-Year average per capita consumption | H33: l/p/d | J33: =PCC.Inputs!L33 -> 133.3 | K33: =PCC.Inputs!M33 -> 135.4 | L33: =PCC.Inputs!N33 -> 135.6 | M33: =PCC.Inputs!O33 -> 136.8 | N33: =PCC.Inputs!P33 -> 136.9
E34: WSH | F34: PCC | G34: 3-Year average per capita consumption | H34: l/p/d | J34: =PCC.Inputs!L34 -> - | K34: =PCC.Inputs!M34 -> - | L34: =PCC.Inputs!N34 -> - | M34: =PCC.Inputs!O34 -> - | N34: =PCC.Inputs!P34 -> -
E35: HDD | F35: PCC | G35: 3-Year average per capita consumption | H35: l/p/d | J35: =PCC.Inputs!L35 -> - | K35: =PCC.Inputs!M35 -> - | L35: =PCC.Inputs!N35 -> - | M35: =PCC.Inputs!O35 -> - | N35: =PCC.Inputs!P35 -> 141.4
E36: NES | F36: PCC | G36: 3-Year average per capita consumption | H36: l/p/d | J36: =PCC.Inputs!L36 -> - | K36: =PCC.Inputs!M36 -> - | L36: =PCC.Inputs!N36 -> - | M36: =PCC.Inputs!O36 -> - | N36: =PCC.Inputs!P36 -> -
E37: NES (NNE) | F37: PCC | G37: 3-Year average per capita consumption | H37: l/p/d | J37: =PCC.Inputs!L37 -> - | K37: =PCC.Inputs!M37 -> - | L37: =PCC.Inputs!N37 -> - | M37: =PCC.Inputs!O37 -> - | N37: =PCC.Inputs!P37 -> -
E38: NES (ESK) | F38: PCC | G38: 3-Year average per capita consumption | H38: l/p/d | J38: =PCC.Inputs!L38 -> - | K38: =PCC.Inputs!M38 -> - | L38: =PCC.Inputs!N38 -> - | M38: =PCC.Inputs!O38 -> - | N38: =PCC.Inputs!P38 -> -
E39: SVE | F39: PCC | G39: 3-Year average per capita consumption | H39: l/p/d | J39: =PCC.Inputs!L39 -> - | K39: =PCC.Inputs!M39 -> - | L39: =PCC.Inputs!N39 -> - | M39: =PCC.Inputs!O39 -> - | N39: =PCC.Inputs!P39 -> 132.76
E40: SWB | F40: PCC | G40: 3-Year average per capita consumption | H40: l/p/d | J40: =PCC.Inputs!L40 -> - | K40: =PCC.Inputs!M40 -> - | L40: =PCC.Inputs!N40 -> - | M40: =PCC.Inputs!O40 -> - | N40: =PCC.Inputs!P40 -> -
E41: SRN | F41: PCC | G41: 3-Year average per capita consumption | H41: l/p/d | J41: =PCC.Inputs!L41 -> 134.8 | K41: =PCC.Inputs!M41 -> 129.7 | L41: =PCC.Inputs!N41 -> 131.29 | M41: =PCC.Inputs!O41 -> 128.9 | N41: =PCC.Inputs!P41 -> 129.9
E42: TMS | F42: PCC | G42: 3-Year average per capita consumption | H42: l/p/d | J42: =PCC.Inputs!L42 -> 150.71411 | K42: =PCC.Inputs!M42 -> 150.31192 | L42: =PCC.Inputs!N42 -> 149.90972 | M42: =PCC.Inputs!O42 -> 149.50753 | N42: =PCC.Inputs!P42 -> 149.10533
E43: UUW | F43: PCC | G43: 3-Year average per capita consumption | H43: l/p/d | J43: =PCC.Inputs!L43 -> 130 | K43: =PCC.Inputs!M43 -> 129.6 | L43: =PCC.Inputs!N43 -> 138.9 | M43: =PCC.Inputs!O43 -> 141.9 | N43: =PCC.Inputs!P43 -> 143.7
E44: WSX | F44: PCC | G44: 3-Year average per capita consumption | H44: l/p/d | J44: =PCC.Inputs!L44 -> 138 | K44: =PCC.Inputs!M44 -> 137.6 | L44: =PCC.Inputs!N44 -> 140.7 | M44: =PCC.Inputs!O44 -> 142.8 | N44: =PCC.Inputs!P44 -> 146.2
... E53: SES | F53: PCC | G53: 3-Year average per capita consumption | H53: l/p/d | J53: =PCC.Inputs!L53 -> 161.1 | K53: =PCC.Inputs!M53 -> 160.9 | L53: =PCC.Inputs!N53 -> 159.73 | M53: =PCC.Inputs!O53 -> 158.8 | N53: =PCC.Inputs!P53 -> 162.62
A55: PCC Performance combined
E57: ANH | F57: PCC | G57: 3-Year average per capita consumption | H57: l/p/d | J57: =J33 -> 133.3 | K57: =K33 -> 135.4 | L57: =L33 -> 135.6 | M57: =M33 -> 136.8 | N57: =N33 -> 136.9 | O57: =O9 -> 134.99391 | P57: =P9 -> 139.03659 | Q57: =Q9 -> 138.72994 | R57: =R9 -> 138.40089 | S57: =S9 -> 131.94799
E58: WSH | F58: PCC | G58: 3-Year average per capita consumption | H58: l/p/d | J58: =J34 -> - | K58: =K34 -> - | L58: =L34 -> - | M58: =M34 -> - | N58: =N34 -> - | O58: =O10 -> 145.70441 | P58: =P10 -> 151.45371 | Q58: =Q10 -> 153.85332 | R58: =R10 -> 154.79902 | S58: =S10 -> 150.68517
E59: HDD | F59: PCC | G59: 3-Year average per capita consumption | H59: l/p/d | J59: =J35 -> - | K59: =K35 -> - | L59: =L35 -> - | M59: =M35 -> - | N59: =N35 -> 141.4 | O59: =O11 -> 128.94099 | P59: =P11 -> 131.37978 | Q59: =Q11 -> 133.65367 | R59: =R11 -> 135.07889 | S59: =S11 -> 130.59066
E60: NES | F60: PCC | G60: 3-Year average per capita consumption | H60: l/p/d | J60: =J36 -> - | K60: =K36 -> - | L60: =L36 -> - | M60: =M36 -> - | N60: =N36 -> - | O60: =O12 -> 150.65617 | P60: =P12 -> 156.29896 | Q60: =Q12 -> 157.71714 | R60: =R12 -> 159.10008 | S60: =S12 -> 154.71209
E61: NES (NNE) | F61: PCC | G61: 3-Year average per capita consumption | H61: l/p/d | J61: =J37 -> - | K61: =K37 -> - | L61: =L37 -> - | M61: =M37 -> - | N61: =N37 -> - | O61: =O13 -> 145.94755 | P61: =P13 -> 152.265 | Q61: =Q13 -> 155.28117 | R61: =R13 -> 157.89837 | S61: =S13 -> 154.40186
E62: NES (ESK) | F62: PCC | G62: 3-Year average per capita consumption | H62: l/p/d | J62: =J38 -> - | K62: =K38 -> - | L62: =L38 -> - | M62: =M38 -> - | N62: =N38 -> - | O62: =O14 -> 156.82409 | P62: =P14 -> 161.57244 | Q62: =Q14 -> 160.90772 | R62: =R14 -> 160.69273 | S62: =S14 -> 155.13372
E63: SVE | F63: PCC | G63: 3-Year average per capita consumption | H63: l/p/d | J63: =J39 -> - | K63: =K39 -> - | L63: =L39 -> - | M63: =M39 -> - | N63: =N39 -> 132.76 | O63: =O15 -> 133.7 | P63: =P15 -> 137.13333 | Q63: =Q15 -> 138.4 | R63: =R15 -> 137.53196 | S63: =S15 -> 131.25653
E64: SWB | F64: PCC | G64: 3-Year average per capita consumption | H64: l/p/d | J64: =J40 -> - | K64: =K40 -> - | L64: =L40 -> - | M64: =M40 -> - | N64: =N40 -> - | O64: =O16 -> 146.01339 | P64: =P16 -> 144.91414 | Q64: =Q16 -> 142.08015 | R64: =R16 -> 144.93632 | S64: =S16 -> 147.79297
E65: SRN | F65: PCC | G65: 3-Year average per capita consumption | H65: l/p/d | J65: =J41 -> 134.8 | K65: =K41 -> 129.7 | L65: =L41 -> 131.29 | M65: =M41 -> 128.9 | N65: =N41 -> 129.9 | O65: =O17 -> 127.96312 | P65: =P17 -> 131.74576 | Q65: =Q17 -> 132.77548 | R65: =R17 -> 133.42672 | S65: =S17 -> 130.32224
E66: TMS | F66: PCC | G66: 3-Year average per capita consumption | H66: l/p/d | J66: =J42 -> 150.71411 | K66: =K42 -> 150.31192 | L66: =L42 -> 149.90972 | M66: =M42 -> 149.50753 | N66: =N42 -> 149.10533 | O66: =O18 -> 145.22165 | P66: =P18 -> 147.55806 | Q66: =Q18 -> 146.71431 | R66: =R18 -> 145.3399 | S66: =S18 -> 140.65564
E67: UUW | F67: PCC | G67: 3-Year average per capita consumption | H67: l/p/d | J67: =J43 -> 130 | K67: =K43 -> 129.6 | L67: =L43 -> 138.9 | M67: =M43 -> 141.9 | N67: =N43 -> 143.7 | O67: =O19 -> 144.03057 | P67: =P19 -> 146.54161 | Q67: =Q19 -> 146.06053 | R67: =R19 -> 144.73074 | S67: =S19 -> 140.40208
E68: WSX | F68: PCC | G68: 3-Year average per capita consumption | H68: l/p/d | J68: =J44 -> 138 | K68: =K44 -> 137.6 | L68: =L44 -> 140.7 | M68: =M44 -> 142.8 | N68: =N44 -> 146.2 | O68: =O20 -> 137.82381 | P68: =P20 -> 143.13763 | Q68: =Q20 -> 144.99667 | R68: =R20 -> 145.15481 | S68: =S20 -> 138.83639
... E77: SES | F77: PCC | G77: 3-Year average per capita consumption | H77: l/p/d | J77: =J53 -> 161.1 | K77: =K53 -> 160.9 | L77: =L53 -> 159.73 | M77: =M53 -> 158.8 | N77: =N53 -> 162.62 | O77: =O29 -> 149.00575 | P77: =P29 -> 154.59017 | Q77: =Q29 -> 152.6352 | R77: =R29 -> 155.13209 | S77: =S29 -> 149.39938
A79: END

Sheet PCC.PCL
A1: =RIGHT(CELL("filename", A1), LEN(CELL("filename", A1)) - SEARCH("]", CELL("filename", A1))) -> PCC.PCL
J2: 2014-15 | K2: 2015-16 | L2: 2016-17 | M2: 2017-18 | N2: 2018-19 | O2: 2019-20 | P2: 2020-21 | Q2: 2021-22 | R2: 2022-23 | S2: 2023-24 | T2: 2024-25
E3: Company | F3: Performance Commitment | G3: Measure | H3: Unit
A7: [INPUT] AMP6 PCL
E9: ANH | F9: PCC | G9: AMP6 PCL | H9: l/p/d | J9: =PCC.Inputs!L57 -> 133.3 | K9: =PCC.Inputs!M57 -> 131.9 | L9: =PCC.Inputs!N57 -> 130.5 | M9: =PCC.Inputs!O57 -> 129.1 | N9: =PCC.Inputs!P57 -> 127.7
E10: WSH | F10: PCC | G10: AMP6 PCL | H10: l/p/d | J10: =PCC.Inputs!L58 -> - | K10: =PCC.Inputs!M58 -> - | L10: =PCC.Inputs!N58 -> - | M10: =PCC.Inputs!O58 -> - | N10: =PCC.Inputs!P58
E11: HDD | F11: PCC | G11: AMP6 PCL | H11: l/p/d | J11: =PCC.Inputs!L59 -> - | K11: =PCC.Inputs!M59 -> - | L11: =PCC.Inputs!N59 -> - | M11: =PCC.Inputs!O59 -> - | N11: =PCC.Inputs!P59 -> 128.37
E12: NES | F12: PCC | G12: AMP6 PCL | H12: l/p/d | J12: =PCC.Inputs!L60 -> - | K12: =PCC.Inputs!M60 -> - | L12: =PCC.Inputs!N60 -> - | M12: =PCC.Inputs!O60 -> - | N12: =PCC.Inputs!P60 -> -
E13: NES (NNE) | F13: PCC | G13: AMP6 PCL | H13: l/p/d | J13: =PCC.Inputs!L61 -> - | K13: =PCC.Inputs!M61 -> - | L13: =PCC.Inputs!N61 -> - | M13: =PCC.Inputs!O61 -> - | N13: =PCC.Inputs!P61 -> -
E14: NES (ESK) | F14: PCC | G14: AMP6 PCL | H14: l/p/d | J14: =PCC.Inputs!L62 -> - | K14: =PCC.Inputs!M62 -> - | L14: =PCC.Inputs!N62 -> - | M14: =PCC.Inputs!O62 -> - | N14: =PCC.Inputs!P62 -> -
E15: SVE | F15: PCC | G15: AMP6 PCL | H15: l/p/d | J15: =PCC.Inputs!L63 -> - | K15: =PCC.Inputs!M63 -> - | L15: =PCC.Inputs!N63 -> - | M15: =PCC.Inputs!O63 -> - | N15: =PCC.Inputs!P63 -> 128.37
E16: SWB | F16: PCC | G16: AMP6 PCL | H16: l/p/d | J16: =PCC.Inputs!L64 -> - | K16: =PCC.Inputs!M64 -> - | L16: =PCC.Inputs!N64 -> - | M16: =PCC.Inputs!O64 -> - | N16: =PCC.Inputs!P64 -> -
E17: SRN | F17: PCC | G17: AMP6 PCL | H17: l/p/d | J17: =PCC.Inputs!L65 -> 147.2 | K17: =PCC.Inputs!M65 -> 144.5 | L17: =PCC.Inputs!N65 -> 141.8 | M17: =PCC.Inputs!O65 -> 139.1 | N17: =PCC.Inputs!P65 -> 136.4
E18: TMS | F18: PCC | G18: AMP6 PCL | H18: l/p/d | J18: =PCC.Inputs!L66 -> - | K18: =PCC.Inputs!M66 -> - | L18: =PCC.Inputs!N66 -> - | M18: =PCC.Inputs!O66 -> - | N18: =PCC.Inputs!P66 -> -
E19: UUW | F19: PCC | G19: AMP6 PCL | H19: l/p/d | J19: =PCC.Inputs!L67 -> - | K19: =PCC.Inputs!M67 -> - | L19: =PCC.Inputs!N67 -> - | M19: =PCC.Inputs!O67 -> - | N19: =PCC.Inputs!P67 -> -
E20: WSX | F20: PCC | G20: AMP6 PCL | H20: l/p/d | J20: =PCC.Inputs!L68 -> 137 | K20: =PCC.Inputs!M68 -> 135 | L20: =PCC.Inputs!N68 -> 134 | M20: =PCC.Inputs!O68 -> 133 | N20: =PCC.Inputs!P68 -> 132
... E29: SES | F29: PCC | G29: AMP6 PCL | H29: l/p/d | J29: =PCC.Inputs!L77 -> 162.8 | K29: =PCC.Inputs!M77 -> 161.2 | L29: =PCC.Inputs!N77 -> 160 | M29: =PCC.Inputs!O77 -> 158.8 | N29: =PCC.Inputs!P77 -> 157.7
A31: [INPUT] AMP7 PCL
E33: ANH | F33: PCC | G33: AMP7 PCL | H33: l/p/d | O33: =PCC.Inputs!Q81 -> 135.59088 | P33: =PCC.Inputs!R81 -> 133.92 | Q33: =PCC.Inputs!S81 -> 132.3 | R33: =PCC.Inputs!T81 -> 130.68 | S33: =PCC.Inputs!U81 -> 127.44 | T33: =PCC.Inputs!V81 -> 127.44
E34: WSH | F34: PCC | G34: AMP7 PCL | H34: l/p/d | O34: =PCC.Inputs!Q82 -> 155.81055 | P34: =PCC.Inputs!R82 -> 153.681 | Q34: =PCC.Inputs!S82 -> 152.12867 | R34: =PCC.Inputs!T82 -> 150.57633 | S34: =PCC.Inputs!U82 -> 145.45 | T34: =PCC.Inputs!V82 -> 145.45363
E35: HDD | F35: PCC | G35: AMP7 PCL | H35: l/p/d | O35: =PCC.Inputs!Q83 -> 133.39011 | P35: =PCC.Inputs!R83 -> 132.26547 | Q35: =PCC.Inputs!S83 -> 131.06427 | R35: =PCC.Inputs!T83 -> 129.86307 | S35: =PCC.Inputs!U83 -> 127.86 | T35: =PCC.Inputs!V83 -> 127.86107
E36: NES | F36: PCC | G36: AMP7 PCL | H36: l/p/d | O36: =PCC.Inputs!Q84 -> 151.17271 | P36: =PCC.Inputs!R84 -> 149.42827 | Q36: =PCC.Inputs!S84 -> 147.92193 | R36: =PCC.Inputs!T84 -> 146.26497 | S36: =PCC.Inputs!U84 -> 142.65 | T36: =PCC.Inputs!V84 -> 142.64977
E37: NES (NNE) | F37: PCC | G37: AMP7 PCL | H37: l/p/d | O37: =PCC.Inputs!Q85 -> - | P37: =PCC.Inputs!R85 -> - | Q37: =PCC.Inputs!S85 -> - | R37: =PCC.Inputs!T85 -> - | S37: =PCC.Inputs!U85 -> - | T37: =PCC.Inputs!V85 -> -
E38: NES (ESK) | F38: PCC | G38: AMP7 PCL | H38: l/p/d | O38: =PCC.Inputs!Q86 -> - | P38: =PCC.Inputs!R86 -> - | Q38: =PCC.Inputs!S86 -> - | R38: =PCC.Inputs!T86 -> - | S38: =PCC.Inputs!U86 -> - | T38: =PCC.Inputs!V86 -> -
E39: SVE | F39: PCC | G39: AMP7 PCL | H39: l/p/d | O39: =PCC.Inputs!Q87 -> 130.1164 | P39: =PCC.Inputs!R87 -> 129.1893 | Q39: =PCC.Inputs!S87 -> 128.2786 | R39: =PCC.Inputs!T87 -> 127.3679 | S39: =PCC.Inputs!U87 -> 125.55 | T39: =PCC.Inputs!V87 -> 125.5465
E40: SWB | F40: PCC | G40: AMP7 PCL | H40: l/p/d | O40: =PCC.Inputs!Q88 -> 146.31798 | P40: =PCC.Inputs!R88 -> 144.394 | Q40: =PCC.Inputs!S88 -> 142.642 | R40: =PCC.Inputs!T88 -> 140.744 | S40: =PCC.Inputs!U88 -> 136.95 | T40: =PCC.Inputs!V88 -> 136.948
E41: SRN | F41: PCC | G41: AMP7 PCL | H41: l/p/d | O41: =PCC.Inputs!Q89 -> 128.7537 | P41: =PCC.Inputs!R89 -> 126.687 | Q41: =PCC.Inputs!S89 -> 125.40733 | R41: =PCC.Inputs!T89 -> 122.4641 | S41: =PCC.Inputs!U89 -> 118.75 | T41: =PCC.Inputs!V89 -> 118.75307
E42: TMS | F42: PCC | G42: AMP7 PCL | H42: l/p/d | O42: =PCC.Inputs!Q90 -> 146.2912 | P42: =PCC.Inputs!R90 -> 144.32807 | Q42: =PCC.Inputs!S90 -> 142.57687 | R42: =PCC.Inputs!T90 -> 140.9716 | S42: =PCC.Inputs!U90 -> 136.74 | T42: =PCC.Inputs!V90 -> 136.73953
E43: UUW | F43: PCC | G43: AMP7 PCL | H43: l/p/d | O43: =PCC.Inputs!Q91 -> 143.98726 | P43: =PCC.Inputs!R91 -> 142.128 | Q43: =PCC.Inputs!S91 -> 140.256 | R43: =PCC.Inputs!T91 -> 138.384 | S43: =PCC.Inputs!U91 -> 134.93 | T43: =PCC.Inputs!V91 -> 134.928
E44: WSX | F44: PCC | G44: AMP7 PCL | H44: l/p/d | O44: =PCC.Inputs!Q92 -> 137.97276 | P44: =PCC.Inputs!R92 -> 137.6955 | Q44: =PCC.Inputs!S92 -> 137.55767 | R44: =PCC.Inputs!T92 -> 137.41983 | S44: =PCC.Inputs!U92 -> 136.59 | T44: =PCC.Inputs!V92 -> 136.59283
... E53: SES | F53: PCC | G53: AMP7 PCL | H53: l/p/d | O53: =PCC.Inputs!Q101 -> 149.40521 | P53: =PCC.Inputs!R101 -> 147.246 | Q53: =PCC.Inputs!S101 -> 145.31247 | R53: =PCC.Inputs!T101 -> 143.08147 | S53: =PCC.Inputs!U101 -> 138.92 | T53: =PCC.Inputs!V101 -> 138.91693
A55: PCL Combined
E57: ANH | F57: PCC | G57: 3-Year average per capita consumption | H57: l/p/d | J57: =J9 -> 133.3 | K57: =K9 -> 131.9 | L57: =L9 -> 130.5 | M57: =M9 -> 129.1 | N57: =N9 -> 127.7 | O57: =O33 -> 135.59088 | P57: =P33 -> 133.92 | Q57: =Q33 -> 132.3 | R57: =R33 -> 130.68 | S57: =S33 -> 127.44 | T57: =T33 -> 127.44
E58: WSH | F58: PCC | G58: 3-Year average per capita consumption | H58: l/p/d | J58: =J10 -> - | K58: =K10 -> - | L58: =L10 -> - | M58: =M10 -> - | N58: =N10 | O58: =O34 -> 155.81055 | P58: =P34 -> 153.681 | Q58: =Q34 -> 152.12867 | R58: =R34 -> 150.57633 | S58: =S34 -> 145.45 | T58: =T34 -> 145.45363
E59: HDD | F59: PCC | G59: 3-Year average per capita consumption | H59: l/p/d | J59: =J11 -> - | K59: =K11 -> - | L59: =L11 -> - | M59: =M11 -> - | N59: =N11 -> 128.37 | O59: =O35 -> 133.39011 | P59: =P35 -> 132.26547 | Q59: =Q35 -> 131.06427 | R59: =R35 -> 129.86307 | S59: =S35 -> 127.86 | T59: =T35 -> 127.86107
E60: NES | F60: PCC | G60: 3-Year average per capita consumption | H60: l/p/d | J60: =J12 -> - | K60: =K12 -> - | L60: =L12 -> - | M60: =M12 -> - | N60: =N12 -> - | O60: =O36 -> 151.17271 | P60: =P36 -> 149.42827 | Q60: =Q36 -> 147.92193 | R60: =R36 -> 146.26497 | S60: =S36 -> 142.65 | T60: =T36 -> 142.64977
E61: NES (NNE) | F61: PCC | G61: 3-Year average per capita consumption | H61: l/p/d | J61: =J13 -> - | K61: =K13 -> - | L61: =L13 -> - | M61: =M13 -> - | N61: =N13 -> - | O61: =O37 -> - | P61: =P37 -> - | Q61: =Q37 -> - | R61: =R37 -> - | S61: =S37 -> - | T61: =T37 -> -
E62: NES (ESK) | F62: PCC | G62: 3-Year average per capita consumption | H62: l/p/d | J62: =J14 -> - | K62: =K14 -> - | L62: =L14 -> - | M62: =M14 -> - | N62: =N14 -> - | O62: =O38 -> - | P62: =P38 -> - | Q62: =Q38 -> - | R62: =R38 -> - | S62: =S38 -> - | T62: =T38 -> -
E63: SVE | F63: PCC | G63: 3-Year average per capita consumption | H63: l/p/d | J63: =J15 -> - | K63: =K15 -> - | L63: =L15 -> - | M63: =M15 -> - | N63: =N15 -> 128.37 | O63: =O39 -> 130.1164 | P63: =P39 -> 129.1893 | Q63: =Q39 -> 128.2786 | R63: =R39 -> 127.3679 | S63: =S39 -> 125.55 | T63: =T39 -> 125.5465
E64: SWB | F64: PCC | G64: 3-Year average per capita consumption | H64: l/p/d | J64: =J16 -> - | K64: =K16 -> - | L64: =L16 -> - | M64: =M16 -> - | N64: =N16 -> - | O64: =O40 -> 146.31798 | P64: =P40 -> 144.394 | Q64: =Q40 -> 142.642 | R64: =R40 -> 140.744 | S64: =S40 -> 136.95 | T64: =T40 -> 136.948
E65: SRN | F65: PCC | G65: 3-Year average per capita consumption | H65: l/p/d | J65: =J17 -> 147.2 | K65: =K17 -> 144.5 | L65: =L17 -> 141.8 | M65: =M17 -> 139.1 | N65: =N17 -> 136.4 | O65: =O41 -> 128.7537 | P65: =P41 -> 126.687 | Q65: =Q41 -> 125.40733 | R65: =R41 -> 122.4641 | S65: =S41 -> 118.75 | T65: =T41 -> 118.75307
E66: TMS | F66: PCC | G66: 3-Year average per capita consumption | H66: l/p/d | J66: =J18 -> - | K66: =K18 -> - | L66: =L18 -> - | M66: =M18 -> - | N66: =N18 -> - | O66: =O42 -> 146.2912 | P66: =P42 -> 144.32807 | Q66: =Q42 -> 142.57687 | R66: =R42 -> 140.9716 | S66: =S42 -> 136.74 | T66: =T42 -> 136.73953
E67: UUW | F67: PCC | G67: 3-Year average per capita consumption | H67: l/p/d | J67: =J19 -> - | K67: =K19 -> - | L67: =L19 -> - | M67: =M19 -> - | N67: =N19 -> - | O67: =O43 -> 143.98726 | P67: =P43 -> 142.128 | Q67: =Q43 -> 140.256 | R67: =R43 -> 138.384 | S67: =S43 -> 134.93 | T67: =T43 -> 134.928
E68: WSX | F68: PCC | G68: 3-Year average per capita consumption | H68: l/p/d | J68: =J20 -> 137 | K68: =K20 -> 135 | L68: =L20 -> 134 | M68: =M20 -> 133 | N68: =N20 -> 132 | O68: =O44 -> 137.97276 | P68: =P44 -> 137.6955 | Q68: =Q44 -> 137.55767 | R68: =R44 -> 137.41983 | S68: =S44 -> 136.59 | T68: =T44 -> 136.59283
... E77: SES | F77: PCC | G77: 3-Year average per capita consumption | H77: l/p/d | J77: =J29 -> 162.8 | K77: =K29 -> 161.2 | L77: =L29 -> 160 | M77: =M29 -> 158.8 | N77: =N29 -> 157.7 | O77: =O53 -> 149.40521 | P77: =P53 -> 147.246 | Q77: =Q53 -> 145.31247 | R77: =R53 -> 143.08147 | S77: =S53 -> 138.92 | T77: =T53 -> 138.91693
A79: END

Sheet PCC.P.Range
A1: =RIGHT(CELL("filename", A1), LEN(CELL("filename", A1)) - SEARCH("]", CELL("filename", A1))) -> PCC.P.Range
J2: 2014-15 | K2: 2015-16 | L2: 2016-17 | M2: 2017-18 | N2: 2018-19 | O2: 2019-20 | P2: 2020-21 | Q2: 2021-22 | R2: 2022-23 | S2: 2023-24
E3: Company | F3: Performance Commitment | G3: Measure | H3: Unit
A7: [INPUT] PCC Performance combined
E9: ANH | F9: PCC | G9: Performance 3-year average | H9: l/p/d | J9: =PCC.Performance!J57 -> 133.3 | K9: =PCC.Performance!K57 -> 135.4 | L9: =PCC.Performance!L57 -> 135.6 | M9: =PCC.Performance!M57 -> 136.8 | N9: =PCC.Performance!N57 -> 136.9 | O9: =PCC.Performance!O57 -> 134.99391 | P9: =PCC.Performance!P57 -> 139.03659 | Q9: =PCC.Performance!Q57 -> 138.72994 | ... S9: =PCC.Performance!S57 -> 131.94799
E10: WSH | F10: PCC | G10: Performance 3-year average | H10: l/p/d | J10: =PCC.Performance!J58 -> - | K10: =PCC.Performance!K58 -> - | L10: =PCC.Performance!L58 -> - | M10: =PCC.Performance!M58 -> - | N10: =PCC.Performance!N58 -> - | O10: =PCC.Performance!O58 -> 145.70441 | P10: =PCC.Performance!P58 -> 151.45371 | Q10: =PCC.Performance!Q58 -> 153.85332 | ... S10: =PCC.Performance!S58 -> 150.68517
E11: HDD | F11: PCC | G11: Performance 3-year average | H11: l/p/d | J11: =PCC.Performance!J59 -> - | K11: =PCC.Performance!K59 -> - | L11: =PCC.Performance!L59 -> - | M11: =PCC.Performance!M59 -> - | N11: =PCC.Performance!N59 -> 141.4 | O11: =PCC.Performance!O59 -> 128.94099 | P11: =PCC.Performance!P59 -> 131.37978 | Q11: =PCC.Performance!Q59 -> 133.65367 | ... S11: =PCC.Performance!S59 -> 130.59066
E12: NES | F12: PCC | G12: Performance 3-year average | H12: l/p/d | J12: =PCC.Performance!J60 -> - | K12: =PCC.Performance!K60 -> - | L12: =PCC.Performance!L60 -> - | M12: =PCC.Performance!M60 -> - | N12: =PCC.Performance!N60 -> - | O12: =PCC.Performance!O60 -> 150.65617 | P12: =PCC.Performance!P60 -> 156.29896 | Q12: =PCC.Performance!Q60 -> 157.71714 | ... S12: =PCC.Performance!S60 -> 154.71209
E13: NES (NNE) | F13: PCC | G13: Performance 3-year average (Region 1) | H13: l/p/d | J13: =PCC.Performance!J61 -> - | K13: =PCC.Performance!K61 -> - | L13: =PCC.Performance!L61 -> - | M13: =PCC.Performance!M61 -> - | N13: =PCC.Performance!N61 -> - | O13: =PCC.Performance!O61 -> 145.94755 | P13: =PCC.Performance!P61 -> 152.265 | Q13: =PCC.Performance!Q61 -> 155.28117 | ... S13: =PCC.Performance!S61 -> 154.40186
E14: NES (ESK) | F14: PCC | G14: Performance 3-year average (Region 2) | H14: l/p/d | J14: =PCC.Performance!J62 -> - | K14: =PCC.Performance!K62 -> - | L14: =PCC.Performance!L62 -> - | M14: =PCC.Performance!M62 -> - | N14: =PCC.Performance!N62 -> - | O14: =PCC.Performance!O62 -> 156.82409 | P14: =PCC.Performance!P62 -> 161.57244 | Q14: =PCC.Performance!Q62 -> 160.90772 | ... S14: =PCC.Performance!S62 -> 155.13372
E15: SVE | F15: PCC | G15: Performance 3-year average | H15: l/p/d | J15: =PCC.Performance!J63 -> - | K15: =PCC.Performance!K63 -> - | L15: =PCC.Performance!L63 -> - | M15: =PCC.Performance!M63 -> - | N15: =PCC.Performance!N63 -> 132.76 | O15: =PCC.Performance!O63 -> 133.7 | P15: =PCC.Performance!P63 -> 137.13333 | Q15: =PCC.Performance!Q63 -> 138.4 | ... S15: =PCC.Performance!S63 -> 131.25653
E16: SWB | F16: PCC | G16: Performance 3-year average | H16: l/p/d | J16: =PCC.Performance!J64 -> - | K16: =PCC.Performance!K64 -> - | L16: =PCC.Performance!L64 -> - | M16: =PCC.Performance!M64 -> - | N16: =PCC.Performance!N64 -> - | O16: =PCC.Performance!O64 -> 146.01339 | P16: =PCC.Performance!P64 -> 144.91414 | Q16: =PCC.Performance!Q64 -> 142.08015 | ... S16: =PCC.Performance!S64 -> 147.79297
E17: SRN | F17: PCC | G17: Performance 3-year average | H17: l/p/d | J17: =PCC.Performance!J65 -> 134.8 | K17: =PCC.Performance!K65 -> 129.7 | L17: =PCC.Performance!L65 -> 131.29 | M17: =PCC.Performance!M65 -> 128.9 | N17: =PCC.Performance!N65 -> 129.9 | O17: =PCC.Performance!O65 -> 127.96312 | P17: =PCC.Performance!P65 -> 131.74576 | Q17: =PCC.Performance!Q65 -> 132.77548 | ... S17: =PCC.Performance!S65 -> 130.32224
E18: TMS | F18: PCC | G18: Performance 3-year average | H18: l/p/d | J18: =PCC.Performance!J66 -> 150.71411 | K18: =PCC.Performance!K66 -> 150.31192 | L18: =PCC.Performance!L66 -> 149.90972 | M18: =PCC.Performance!M66 -> 149.50753 | N18: =PCC.Performance!N66 -> 149.10533 | O18: =PCC.Performance!O66 -> 145.22165 | P18: =PCC.Performance!P66 -> 147.55806 | Q18: =PCC.Performance!Q66 -> 146.71431 | ... S18: =PCC.Performance!S66 -> 140.65564
E19: UUW | F19: PCC | G19: Performance 3-year average | H19: l/p/d | J19: =PCC.Performance!J67 -> 130 | K19: =PCC.Performance!K67 -> 129.6 | L19: =PCC.Performance!L67 -> 138.9 | M19: =PCC.Performance!M67 -> 141.9 | N19: =PCC.Performance!N67 -> 143.7 | O19: =PCC.Performance!O67 -> 144.03057 | P19: =PCC.Performance!P67 -> 146.54161 | Q19: =PCC.Performance!Q67 -> 146.06053 | ... S19: =PCC.Performance!S67 -> 140.40208
E20: WSX | F20: PCC | G20: Performance 3-year average | H20: l/p/d | J20: =PCC.Performance!J68 -> 138 | K20: =PCC.Performance!K68 -> 137.6 | L20: =PCC.Performance!L68 -> 140.7 | M20: =PCC.Performance!M68 -> 142.8 | N20: =PCC.Performance!N68 -> 146.2 | O20: =PCC.Performance!O68 -> 137.82381 | P20: =PCC.Performance!P68 -> 143.13763 | Q20: =PCC.Performance!Q68 -> 144.99667 | ... S20: =PCC.Performance!S68 -> 138.83639
... E29: SES | F29: PCC | G29: Performance 3-year average | H29: l/p/d | J29: =PCC.Performance!J77 -> 161.1 | K29: =PCC.Performance!K77 -> 160.9 | L29: =PCC.Performance!L77 -> 159.73 | M29: =PCC.Performance!M77 -> 158.8 | N29: =PCC.Performance!N77 -> 162.62 | O29: =PCC.Performance!O77 -> 149.00575 | P29: =PCC.Performance!P77 -> 154.59017 | Q29: =PCC.Performance!Q77 -> 152.6352 | ... S29: =PCC.Performance!S77 -> 149.39938
A31: [INPUT] PCL combined
E33: ANH | F33: PCC | G33: 3-Year average per capita consumption | H33: l/p/d | J33: =PCC.PCL!J57 -> 133.3 | K33: =PCC.PCL!K57 -> 131.9 | L33: =PCC.PCL!L57 -> 130.5 | M33: =PCC.PCL!M57 -> 129.1 | N33: =PCC.PCL!N57 -> 127.7 | O33: =PCC.PCL!O57 -> 135.59088 | P33: =PCC.PCL!P57 -> 133.92 | Q33: =PCC.PCL!Q57 -> 132.3 | ... S33: =PCC.PCL!S57 -> 127.44
E34: WSH | F34: PCC | G34: 3-Year average per capita consumption | H34: l/p/d | J34: =PCC.PCL!J58 -> - | K34: =PCC.PCL!K58 -> - | L34: =PCC.PCL!L58 -> - | M34: =PCC.PCL!M58 -> - | N34: =PCC.PCL!N58 | O34: =PCC.PCL!O58 -> 155.81055 | P34: =PCC.PCL!P58 -> 153.681 | Q34: =PCC.PCL!Q58 -> 152.12867 | ... S34: =PCC.PCL!S58 -> 145.45
E35: HDD | F35: PCC | G35: 3-Year average per capita consumption | H35: l/p/d | J35: =PCC.PCL!J59 -> - | K35: =PCC.PCL!K59 -> - | L35: =PCC.PCL!L59 -> - | M35: =PCC.PCL!M59 -> - | N35: =PCC.PCL!N59 -> 128.37 | O35: =PCC.PCL!O59 -> 133.39011 | P35: =PCC.PCL!P59 -> 132.26547 | Q35: =PCC.PCL!Q59 -> 131.06427 | ... S35: =PCC.PCL!S59 -> 127.86
E36: NES | F36: PCC | G36: 3-Year average per capita consumption | H36: l/p/d | J36: =PCC.PCL!J60 -> - | K36: =PCC.PCL!K60 -> - | L36: =PCC.PCL!L60 -> - | M36: =PCC.PCL!M60 -> - | N36: =PCC.PCL!N60 -> - | O36: =PCC.PCL!O60 -> 151.17271 | P36: =PCC.PCL!P60 -> 149.42827 | Q36: =PCC.PCL!Q60 -> 147.92193 | ... S36: =PCC.PCL!S60 -> 142.65
E37: NES (NNE) | F37: PCC | G37: 3-Year average per capita consumption | H37: l/p/d | J37: =PCC.PCL!J61 -> - | K37: =PCC.PCL!K61 -> - | L37: =PCC.PCL!L61 -> - | M37: =PCC.PCL!M61 -> - | N37: =PCC.PCL!N61 -> - | O37: =PCC.PCL!O61 -> - | P37: =PCC.PCL!P61 -> - | Q37: =PCC.PCL!Q61 -> - | ... S37: =PCC.PCL!S61 -> -
E38: NES (ESK) | F38: PCC | G38: 3-Year average per capita consumption | H38: l/p/d | J38: =PCC.PCL!J62 -> - | K38: =PCC.PCL!K62 -> - | L38: =PCC.PCL!L62 -> - | M38: =PCC.PCL!M62 -> - | N38: =PCC.PCL!N62 -> - | O38: =PCC.PCL!O62 -> - | P38: =PCC.PCL!P62 -> - | Q38: =PCC.PCL!Q62 -> - | ... S38: =PCC.PCL!S62 -> -
E39: SVE | F39: PCC | G39: 3-Year average per capita consumption | H39: l/p/d | J39: =PCC.PCL!J63 -> - | K39: =PCC.PCL!K63 -> - | L39: =PCC.PCL!L63 -> - | M39: =PCC.PCL!M63 -> - | N39: =PCC.PCL!N63 -> 128.37 | O39: =PCC.PCL!O63 -> 130.1164 | P39: =PCC.PCL!P63 -> 129.1893 | Q39: =PCC.PCL!Q63 -> 128.2786 | ... S39: =PCC.PCL!S63 -> 125.55
E40: SWB | F40: PCC | G40: 3-Year average per capita consumption | H40: l/p/d | J40: =PCC.PCL!J64 -> - | K40: =PCC.PCL!K64 -> - | L40: =PCC.PCL!L64 -> - | M40: =PCC.PCL!M64 -> - | N40: =PCC.PCL!N64 -> - | O40: =PCC.PCL!O64 -> 146.31798 | P40: =PCC.PCL!P64 -> 144.394 | Q40: =PCC.PCL!Q64 -> 142.642 | ... S40: =PCC.PCL!S64 -> 136.95
E41: SRN | F41: PCC | G41: 3-Year average per capita consumption | H41: l/p/d | J41: =PCC.PCL!J65 -> 147.2 | K41: =PCC.PCL!K65 -> 144.5 | L41: =PCC.PCL!L65 -> 141.8 | M41: =PCC.PCL!M65 -> 139.1 | N41: =PCC.PCL!N65 -> 136.4 | O41: =PCC.PCL!O65 -> 128.7537 | P41: =PCC.PCL!P65 -> 126.687 | Q41: =PCC.PCL!Q65 -> 125.40733 | ... S41: =PCC.PCL!S65 -> 118.75
E42: TMS | F42: PCC | G42: 3-Year average per capita consumption | H42: l/p/d | J42: =PCC.PCL!J66 -> - | K42: =PCC.PCL!K66 -> - | L42: =PCC.PCL!L66 -> - | M42: =PCC.PCL!M66 -> - | N42: =PCC.PCL!N66 -> - | O42: =PCC.PCL!O66 -> 146.2912 | P42: =PCC.PCL!P66 -> 144.32807 | Q42: =PCC.PCL!Q66 -> 142.57687 | ... S42: =PCC.PCL!S66 -> 136.74
E43: UUW | F43: PCC | G43: 3-Year average per capita consumption | H43: l/p/d | J43: =PCC.PCL!J67 -> - | K43: =PCC.PCL!K67 -> - | L43: =PCC.PCL!L67 -> - | M43: =PCC.PCL!M67 -> - | N43: =PCC.PCL!N67 -> - | O43: =PCC.PCL!O67 -> 143.98726 | P43: =PCC.PCL!P67 -> 142.128 | Q43: =PCC.PCL!Q67 -> 140.256 | ... S43: =PCC.PCL!S67 -> 134.93
E44: WSX | F44: PCC | G44: 3-Year average per capita consumption | H44: l/p/d | J44: =PCC.PCL!J68 -> 137 | K44: =PCC.PCL!K68 -> 135 | L44: =PCC.PCL!L68 -> 134 | M44: =PCC.PCL!M68 -> 133 | N44: =PCC.PCL!N68 -> 132 | O44: =PCC.PCL!O68 -> 137.97276 | P44: =PCC.PCL!P68 -> 137.6955 | Q44: =PCC.PCL!Q68 -> 137.55767 | ... S44: =PCC.PCL!S68 -> 136.59
... E53: SES | F53: PCC | G53: 3-Year average per capita consumption | H53: l/p/d | J53: =PCC.PCL!J77 -> 162.8 | K53: =PCC.PCL!K77 -> 161.2 | L53: =PCC.PCL!L77 -> 160 | M53: =PCC.PCL!M77 -> 158.8 | N53: =PCC.PCL!N77 -> 157.7 | O53: =PCC.PCL!O77 -> 149.40521 | P53: =PCC.PCL!P77 -> 147.246 | Q53: =PCC.PCL!Q77 -> 145.31247 | ... S53: =PCC.PCL!S77 -> 138.92
A55: Performance difference to target (Numeric)
E57: ANH | F57: PCC | G57: Performance difference to target (Numeric) | H57: l/p/d | J57: =IF(OR(J33="-",J9="-"),"",J33-J9) -> 0 | K57: =IF(OR(K33="-",K9="-"),"",K33-K9) -> -3.5 | L57: =IF(OR(L33="-",L9="-"),"",L33-L9) -> -5.1 | M57: =IF(OR(M33="-",M9="-"),"",M33-M9) -> -7.7 | N57: =IF(OR(N33="-",N9="-"),"",N33-N9) -> -9.2 | O57: =IF(OR(O33="-",O9="-"),"",O33-O9) -> 0.59697045 | P57: =IF(OR(P33="-",P9="-"),"",P33-P9) -> -5.1165913 | Q57: =IF(OR(Q33="-",Q9="-"),"",Q33-Q9) -> -6.4299437 | ... S57: =IF(OR(S33="-",S9="-"),"",S33-S9) -> -4.5079906
E58: WSH | F58: PCC | G58: Performance difference to target (Numeric) | H58: l/p/d | J58: =IF(OR(J34="-",J10="-"),"",J34-J10) | K58: =IF(OR(K34="-",K10="-"),"",K34-K10) | L58: =IF(OR(L34="-",L10="-"),"",L34-L10) | M58: =IF(OR(M34="-",M10="-"),"",M34-M10) | N58: =IF(OR(N34="-",N10="-"),"",N34-N10) | O58: =IF(OR(O34="-",O10="-"),"",O34-O10) -> 10.106146 | P58: =IF(OR(P34="-",P10="-"),"",P34-P10) -> 2.2272862 | Q58: =IF(OR(Q34="-",Q10="-"),"",Q34-Q10) -> -1.7246564 | ... S58: =IF(OR(S34="-",S10="-"),"",S34-S10) -> -5.2351666
E59: HDD | F59: PCC | G59: Performance difference to target (Numeric) | H59: l/p/d | J59: =IF(OR(J35="-",J11="-"),"",J35-J11) | K59: =IF(OR(K35="-",K11="-"),"",K35-K11) | L59: =IF(OR(L35="-",L11="-"),"",L35-L11) | M59: =IF(OR(M35="-",M11="-"),"",M35-M11) | N59: =IF(OR(N35="-",N11="-"),"",N35-N11) -> -13.03 | O59: =IF(OR(O35="-",O11="-"),"",O35-O11) -> 4.449122 | P59: =IF(OR(P35="-",P11="-"),"",P35-P11) -> 0.88569144 | Q59: =IF(OR(Q35="-",Q11="-"),"",Q35-Q11) -> -2.5894059 | ... S59: =IF(OR(S35="-",S11="-"),"",S35-S11) -> -2.7306609
E60: NES | F60: PCC | G60: Performance difference to target (Numeric) | H60: l/p/d | J60: =IF(OR(J36="-",J12="-"),"",J36-J12) | K60: =IF(OR(K36="-",K12="-"),"",K36-K12) | L60: =IF(OR(L36="-",L12="-"),"",L36-L12) | M60: =IF(OR(M36="-",M12="-"),"",M36-M12) | N60: =IF(OR(N36="-",N12="-"),"",N36-N12) | O60: =IF(OR(O36="-",O12="-"),"",O36-O12) -> 0.51653953 | P60: =IF(OR(P36="-",P12="-"),"",P36-P12) -> -6.8706933 | Q60: =IF(OR(Q36="-",Q12="-"),"",Q36-Q12) -> -9.795208 | ... S60: =IF(OR(S36="-",S12="-"),"",S36-S12) -> -12.062095
E61: NES (NNE) | F61: PCC | G61: Performance difference to target (Numeric) | H61: l/p/d | J61: =IF(OR(J37="-",J13="-"),"",J37-J13) | K61: =IF(OR(K37="-",K13="-"),"",K37-K13) | L61: =IF(OR(L37="-",L13="-"),"",L37-L13) | M61: =IF(OR(M37="-",M13="-"),"",M37-M13) | N61: =IF(OR(N37="-",N13="-"),"",N37-N13) | O61: =IF(OR(O37="-",O13="-"),"",O37-O13) | P61: =IF(OR(P37="-",P13="-"),"",P37-P13) | Q61: =IF(OR(Q37="-",Q13="-"),"",Q37-Q13) | ... S61: =IF(OR(S37="-",S13="-"),"",S37-S13)
E62: NES (ESK) | F62: PCC | G62: Performance difference to target (Numeric) | H62: l/p/d | J62: =IF(OR(J38="-",J14="-"),"",J38-J14) | K62: =IF(OR(K38="-",K14="-"),"",K38-K14) | L62: =IF(OR(L38="-",L14="-"),"",L38-L14) | M62: =IF(OR(M38="-",M14="-"),"",M38-M14) | N62: =IF(OR(N38="-",N14="-"),"",N38-N14) | O62: =IF(OR(O38="-",O14="-"),"",O38-O14) | P62: =IF(OR(P38="-",P14="-"),"",P38-P14) | Q62: =IF(OR(Q38="-",Q14="-"),"",Q38-Q14) | ... S62: =IF(OR(S38="-",S14="-"),"",S38-S14)
E63: SVE | F63: PCC | G63: Performance difference to target (Numeric) | H63: l/p/d | J63: =IF(OR(J39="-",J15="-"),"",J39-J15) | K63: =IF(OR(K39="-",K15="-"),"",K39-K15) | L63: =IF(OR(L39="-",L15="-"),"",L39-L15) | M63: =IF(OR(M39="-",M15="-"),"",M39-M15) | N63: =IF(OR(N39="-",N15="-"),"",N39-N15) -> -4.39 | O63: =IF(OR(O39="-",O15="-"),"",O39-O15) -> -3.5836028 | P63: =IF(OR(P39="-",P15="-"),"",P39-P15) -> -7.9440333 | Q63: =IF(OR(Q39="-",Q15="-"),"",Q39-Q15) -> -10.1214 | ... S63: =IF(OR(S39="-",S15="-"),"",S39-S15) -> -5.7065305
E64: SWB | F64: PCC | G64: Performance difference to target (Numeric) | H64: l/p/d | J64: =IF(OR(J40="-",J16="-"),"",J40-J16) | K64: =IF(OR(K40="-",K16="-"),"",K40-K16) | L64: =IF(OR(L40="-",L16="-"),"",L40-L16) | M64: =IF(OR(M40="-",M16="-"),"",M40-M16) | N64: =IF(OR(N40="-",N16="-"),"",N40-N16) | O64: =IF(OR(O40="-",O16="-"),"",O40-O16) -> 0.30458384 | P64: =IF(OR(P40="-",P16="-"),"",P40-P16) -> -0.5201412 | Q64: =IF(OR(Q40="-",Q16="-"),"",Q40-Q16) -> 0.56184896 | ... S64: =IF(OR(S40="-",S16="-"),"",S40-S16) -> -10.842972
E65: SRN | F65: PCC | G65: Performance difference to target (Numeric) | H65: l/p/d | J65: =IF(OR(J41="-",J17="-"),"",J41-J17) -> 12.4 | K65: =IF(OR(K41="-",K17="-"),"",K41-K17) -> 14.8 | L65: =IF(OR(L41="-",L17="-"),"",L41-L17) -> 10.51 | M65: =IF(OR(M41="-",M17="-"),"",M41-M17) -> 10.2 | N65: =IF(OR(N41="-",N17="-"),"",N41-N17) -> 6.5 | O65: =IF(OR(O41="-",O17="-"),"",O41-O17) -> 0.79058138 | P65: =IF(OR(P41="-",P17="-"),"",P41-P17) -> -5.0587647 | Q65: =IF(OR(Q41="-",Q17="-"),"",Q41-Q17) -> -7.3681484 | ... S65: =IF(OR(S41="-",S17="-"),"",S41-S17) -> -11.572239
E66: TMS | F66: PCC | G66: Performance difference to target (Numeric) | H66: l/p/d | J66: =IF(OR(J42="-",J18="-"),"",J42-J18) | K66: =IF(OR(K42="-",K18="-"),"",K42-K18) | L66: =IF(OR(L42="-",L18="-"),"",L42-L18) | M66: =IF(OR(M42="-",M18="-"),"",M42-M18) | N66: =IF(OR(N42="-",N18="-"),"",N42-N18) | O66: =IF(OR(O42="-",O18="-"),"",O42-O18) -> 1.0695402 | P66: =IF(OR(P42="-",P18="-"),"",P42-P18) -> -3.2299906 | Q66: =IF(OR(Q42="-",Q18="-"),"",Q42-Q18) -> -4.137445 | ... S66: =IF(OR(S42="-",S18="-"),"",S42-S18) -> -3.9156373
E67: UUW | F67: PCC | G67: Performance difference to target (Numeric) | H67: l/p/d | J67: =IF(OR(J43="-",J19="-"),"",J43-J19) | K67: =IF(OR(K43="-",K19="-"),"",K43-K19) | L67: =IF(OR(L43="-",L19="-"),"",L43-L19) | M67: =IF(OR(M43="-",M19="-"),"",M43-M19) | N67: =IF(OR(N43="-",N19="-"),"",N43-N19) | O67: =IF(OR(O43="-",O19="-"),"",O43-O19) -> -0.043310347 | P67: =IF(OR(P43="-",P19="-"),"",P43-P19) -> -4.4136068 | Q67: =IF(OR(Q43="-",Q19="-"),"",Q43-Q19) -> -5.8045342 | ... S67: =IF(OR(S43="-",S19="-"),"",S43-S19) -> -5.4720803
E68: WSX | F68: PCC | G68: Performance difference to target (Numeric) | H68: l/p/d | J68: =IF(OR(J44="-",J20="-"),"",J44-J20) -> -1 | K68: =IF(OR(K44="-",K20="-"),"",K44-K20) -> -2.6 | L68: =IF(OR(L44="-",L20="-"),"",L44-L20) -> -6.7 | M68: =IF(OR(M44="-",M20="-"),"",M44-M20) -> -9.8 | N68: =IF(OR(N44="-",N20="-"),"",N44-N20) -> -14.2 | O68: =IF(OR(O44="-",O20="-"),"",O44-O20) -> 0.14895106 | P68: =IF(OR(P44="-",P20="-"),"",P44-P20) -> -5.4421284 | Q68: =IF(OR(Q44="-",Q20="-"),"",Q44-Q20) -> -7.4390081 | ... S68: =IF(OR(S44="-",S20="-"),"",S44-S20) -> -2.2463912
... E77: SES | F77: PCC | G77: Performance difference to target (Numeric) | H77: l/p/d | J77: =IF(OR(J53="-",J29="-"),"",J53-J29) -> 1.7 | K77: =IF(OR(K53="-",K29="-"),"",K53-K29) -> 0.3 | L77: =IF(OR(L53="-",L29="-"),"",L53-L29) -> 0.27 | M77: =IF(OR(M53="-",M29="-"),"",M53-M29) -> 0 | N77: =IF(OR(N53="-",N29="-"),"",N53-N29) -> -4.92 | O77: =IF(OR(O53="-",O29="-"),"",O53-O29) -> 0.39945444 | P77: =IF(OR(P53="-",P29="-"),"",P53-P29) -> -7.3441668 | Q77: =IF(OR(Q53="-",Q29="-"),"",Q53-Q29) -> -7.3227312 | ... S77: =IF(OR(S53="-",S29="-"),"",S53-S29) -> -10.479382
A79: Performance difference to target (% of target)
E81: ANH | F81: PCC | G81: Performance difference to target (% of target) | H81: % | J81: =IF(J57="","",J57/J33) -> 0 | K81: =IF(K57="","",K57/K33) -> -0.026535254 | L81: =IF(L57="","",L57/L33) -> -0.03908046 | M81: =IF(M57="","",M57/M33) -> -0.059643687 | N81: =IF(N57="","",N57/N33) -> -0.072043853 | O81: =IF(O57="","",O57/O33) -> 0.0044027331 | P81: =IF(P57="","",P57/P33) -> -0.038206327 | Q81: =IF(Q57="","",Q57/Q33) -> -0.048601238 | ... S81: =IF(S57="","",S57/S33) -> -0.035373435
E82: WSH | F82: PCC | G82: Performance difference to target (% of target) | H82: % | J82: =IF(J58="","",J58/J34) | K82: =IF(K58="","",K58/K34) | L82: =IF(L58="","",L58/L34) | M82: =IF(M58="","",M58/M34) | N82: =IF(N58="","",N58/N34) | O82: =IF(O58="","",O58/O34) -> 0.064861753 | P82: =IF(P58="","",P58/P34) -> 0.014492918 | Q82: =IF(Q58="","",Q58/Q34) -> -0.011336827 | ... S82: =IF(S58="","",S58/S34) -> -0.035992895
E83: HDD | F83: PCC | G83: Performance difference to target (% of target) | H83: % | J83: =IF(J59="","",J59/J35) | K83: =IF(K59="","",K59/K35) | L83: =IF(L59="","",L59/L35) | M83: =IF(M59="","",M59/M35) | N83: =IF(N59="","",N59/N35) -> -0.10150347 | O83: =IF(O59="","",O59/O35) -> 0.033354211 | P83: =IF(P59="","",P59/P35) -> 0.0066963166 | Q83: =IF(Q59="","",Q59/Q35) -> -0.019756765 | ... S83: =IF(S59="","",S59/S35) -> -0.021356647
E84: NES | F84: PCC | G84: Performance difference to target (% of target) | H84: % | J84: =IF(J60="","",J60/J36) | K84: =IF(K60="","",K60/K36) | L84: =IF(L60="","",L60/L36) | M84: =IF(M60="","",M60/M36) | N84: =IF(N60="","",N60/N36) | O84: =IF(O60="","",O60/O36) -> 0.0034168834 | P84: =IF(P60="","",P60/P36) -> -0.045979877 | Q84: =IF(Q60="","",Q60/Q36) -> -0.066218767 | ... S84: =IF(S60="","",S60/S36) -> -0.08455727
E85: NES (NNE) | F85: PCC | G85: Performance difference to target (% of target) | H85: % | J85: =IF(J61="","",J61/J37) | K85: =IF(K61="","",K61/K37) | L85: =IF(L61="","",L61/L37) | M85: =IF(M61="","",M61/M37) | N85: =IF(N61="","",N61/N37) | O85: =IF(O61="","",O61/O37) | P85: =IF(P61="","",P61/P37) | Q85: =IF(Q61="","",Q61/Q37) | ... S85: =IF(S61="","",S61/S37)
E86: NES (ESK) | F86: PCC | G86: Performance difference to target (% of target) | H86: % | J86: =IF(J62="","",J62/J38) | K86: =IF(K62="","",K62/K38) | L86: =IF(L62="","",L62/L38) | M86: =IF(M62="","",M62/M38) | N86: =IF(N62="","",N62/N38) | O86: =IF(O62="","",O62/O38) | P86: =IF(P62="","",P62/P38) | Q86: =IF(Q62="","",Q62/Q38) | ... S86: =IF(S62="","",S62/S38)
E87: SVE | F87: PCC | G87: Performance difference to target (% of target) | H87: % | J87: =IF(J63="","",J63/J39) | K87: =IF(K63="","",K63/K39) | L87: =IF(L63="","",L63/L39) | M87: =IF(M63="","",M63/M39) | N87: =IF(N63="","",N63/N39) -> -0.034198021 | O87: =IF(O63="","",O63/O39) -> -0.027541516 | P87: =IF(P63="","",P63/P39) -> -0.061491419 | Q87: =IF(Q63="","",Q63/Q39) -> -0.078901703 | ... S87: =IF(S63="","",S63/S39) -> -0.045452254
E88: SWB | F88: PCC | G88: Performance difference to target (% of target) | H88: % | J88: =IF(J64="","",J64/J40) | K88: =IF(K64="","",K64/K40) | L88: =IF(L64="","",L64/L40) | M88: =IF(M64="","",M64/M40) | N88: =IF(N64="","",N64/N40) | O88: =IF(O64="","",O64/O40) -> 0.002081657 | P88: =IF(P64="","",P64/P40) -> -0.0036022356 | Q88: =IF(Q64="","",Q64/Q40) -> 0.0039388747 | ... S88: =IF(S64="","",S64/S40) -> -0.079174673
E89: SRN | F89: PCC | G89: Performance difference to target (% of target) | H89: % | J89: =IF(J65="","",J65/J41) -> 0.08423913 | K89: =IF(K65="","",K65/K41) -> 0.10242215 | L89: =IF(L65="","",L65/L41) -> 0.074118477 | M89: =IF(M65="","",M65/M41) -> 0.073328541 | N89: =IF(N65="","",N65/N41) -> 0.047653959 | O89: =IF(O65="","",O65/O41) -> 0.0061402616 | P89: =IF(P65="","",P65/P41) -> -0.039931206 | Q89: =IF(Q65="","",Q65/Q41) -> -0.058753728 | ... S89: =IF(S65="","",S65/S41) -> -0.097450435
E90: TMS | F90: PCC | G90: Performance difference to target (% of target) | H90: % | J90: =IF(J66="","",J66/J42) | K90: =IF(K66="","",K66/K42) | L90: =IF(L66="","",L66/L42) | M90: =IF(M66="","",M66/M42) | N90: =IF(N66="","",N66/N42) | O90: =IF(O66="","",O66/O42) -> 0.0073110364 | P90: =IF(P66="","",P66/P42) -> -0.022379504 | Q90: =IF(Q66="","",Q66/Q42) -> -0.029019049 | ... S90: =IF(S66="","",S66/S42) -> -0.028635639
E91: UUW | F91: PCC | G91: Performance difference to target (% of target) | H91: % | J91: =IF(J67="","",J67/J43) | K91: =IF(K67="","",K67/K43) | L91: =IF(L67="","",L67/L43) | M91: =IF(M67="","",M67/M43) | N91: =IF(N67="","",N67/N43) | O91: =IF(O67="","",O67/O43) -> -0.00030079292 | P91: =IF(P67="","",P67/P43) -> -0.031053746 | Q91: =IF(Q67="","",Q67/Q43) -> -0.041385283 | ... S91: =IF(S67="","",S67/S43) -> -0.040554957
E92: WSX | F92: PCC | G92: Performance difference to target (% of target) | H92: % | J92: =IF(J68="","",J68/J44) -> -0.0072992701 | K92: =IF(K68="","",K68/K44) -> -0.019259259 | L92: =IF(L68="","",L68/L44) -> -0.05 | M92: =IF(M68="","",M68/M44) -> -0.073684211 | N92: =IF(N68="","",N68/N44) -> -0.10757576 | O92: =IF(O68="","",O68/O44) -> 0.0010795686 | P92: =IF(P68="","",P68/P44) -> -0.039522921 | Q92: =IF(Q68="","",Q68/Q44) -> -0.054079196 | ... S92: =IF(S68="","",S68/S44) -> -0.016446235
... E101: SES | F101: PCC | G101: Performance difference to target (% of target) | H101: % | J101: =IF(J77="","",J77/J53) -> 0.01044226 | K101: =IF(K77="","",K77/K53) -> 0.0018610422 | L101: =IF(L77="","",L77/L53) -> 0.0016875 | M101: =IF(M77="","",M77/M53) -> 0 | N101: =IF(N77="","",N77/N53) -> -0.031198478 | O101: =IF(O77="","",O77/O53) -> 0.0026736313 | P101: =IF(P77="","",P77/P53) -> -0.049876851 | Q101: =IF(Q77="","",Q77/Q53) -> -0.050393001 | ... S101: =IF(S77="","",S77/S53) -> -0.075434656
A103: END

Sheet PCC.Percentiles
A1: =RIGHT(CELL("filename", A1), LEN(CELL("filename", A1)) - SEARCH("]", CELL("filename", A1))) -> PCC.Percentiles
M2: 2014-15 | N2: 2015-16 | O2: 2016-17 | P2: 2017-18 | Q2: 2018-19 | R2: 2019-20 | S2: 2020-21 | T2: 2021-22 | U2: 2022-23 | V2: 2023-24
E3: Company | F3: Performance Commitment | G3: Measure | H3: Percentile | I3: Helper 1 | J3: Helper 2 | K3: Value
A7: [INPUT] Performance difference to target (% of target)
E9: ANH | F9: PCC | G9: Performance difference to target (% of target) | M9: ='PCC.P.Range'!J81 -> 0 | N9: ='PCC.P.Range'!K81 -> -0.026535254 | O9: ='PCC.P.Range'!L81 -> -0.03908046 | P9: ='PCC.P.Range'!M81 -> -0.059643687 | Q9: ='PCC.P.Range'!N81 -> -0.072043853 | R9: ='PCC.P.Range'!O81 -> 0.0044027331 | S9: ='PCC.P.Range'!P81 -> -0.038206327 | T9: ='PCC.P.Range'!Q81 -> -0.048601238 | ... V9: ='PCC.P.Range'!S81 -> -0.035373435
E10: WSH | F10: PCC | G10: Performance difference to target (% of target) | M10: ='PCC.P.Range'!J82 | N10: ='PCC.P.Range'!K82 | O10: ='PCC.P.Range'!L82 | P10: ='PCC.P.Range'!M82 | Q10: ='PCC.P.Range'!N82 | R10: ='PCC.P.Range'!O82 -> 0.064861753 | S10: ='PCC.P.Range'!P82 -> 0.014492918 | T10: ='PCC.P.Range'!Q82 -> -0.011336827 | ... V10: ='PCC.P.Range'!S82 -> -0.035992895
E11: HDD | F11: PCC | G11: Performance difference to target (% of target) | M11: ='PCC.P.Range'!J83 | N11: ='PCC.P.Range'!K83 | O11: ='PCC.P.Range'!L83 | P11: ='PCC.P.Range'!M83 | Q11: ='PCC.P.Range'!N83 -> -0.10150347 | R11: ='PCC.P.Range'!O83 -> 0.033354211 | S11: ='PCC.P.Range'!P83 -> 0.0066963166 | T11: ='PCC.P.Range'!Q83 -> -0.019756765 | ... V11: ='PCC.P.Range'!S83 -> -0.021356647
E12: NES | F12: PCC | G12: Performance difference to target (% of target) | M12: ='PCC.P.Range'!J84 | N12: ='PCC.P.Range'!K84 | O12: ='PCC.P.Range'!L84 | P12: ='PCC.P.Range'!M84 | Q12: ='PCC.P.Range'!N84 | R12: ='PCC.P.Range'!O84 -> 0.0034168834 | S12: ='PCC.P.Range'!P84 -> -0.045979877 | T12: ='PCC.P.Range'!Q84 -> -0.066218767 | ... V12: ='PCC.P.Range'!S84 -> -0.08455727
E13: NES (NNE) | F13: PCC | G13: Performance difference to target (% of target) | M13: ='PCC.P.Range'!J85 | N13: ='PCC.P.Range'!K85 | O13: ='PCC.P.Range'!L85 | P13: ='PCC.P.Range'!M85 | Q13: ='PCC.P.Range'!N85 | R13: ='PCC.P.Range'!O85 | S13: ='PCC.P.Range'!P85 | T13: ='PCC.P.Range'!Q85 | ... V13: ='PCC.P.Range'!S85
E14: NES (ESK) | F14: PCC | G14: Performance difference to target (% of target) | M14: ='PCC.P.Range'!J86 | N14: ='PCC.P.Range'!K86 | O14: ='PCC.P.Range'!L86 | P14: ='PCC.P.Range'!M86 | Q14: ='PCC.P.Range'!N86 | R14: ='PCC.P.Range'!O86 | S14: ='PCC.P.Range'!P86 | T14: ='PCC.P.Range'!Q86 | ... V14: ='PCC.P.Range'!S86
E15: SVE | F15: PCC | G15: Performance difference to target (% of target) | M15: ='PCC.P.Range'!J87 | N15: ='PCC.P.Range'!K87 | O15: ='PCC.P.Range'!L87 | P15: ='PCC.P.Range'!M87 | Q15: ='PCC.P.Range'!N87 -> -0.034198021 | R15: ='PCC.P.Range'!O87 -> -0.027541516 | S15: ='PCC.P.Range'!P87 -> -0.061491419 | T15: ='PCC.P.Range'!Q87 -> -0.078901703 | ... V15: ='PCC.P.Range'!S87 -> -0.045452254
E16: SWB | F16: PCC | G16: Performance difference to target (% of target) | M16: ='PCC.P.Range'!J88 | N16: ='PCC.P.Range'!K88 | O16: ='PCC.P.Range'!L88 | P16: ='PCC.P.Range'!M88 | Q16: ='PCC.P.Range'!N88 | R16: ='PCC.P.Range'!O88 -> 0.002081657 | S16: ='PCC.P.Range'!P88 -> -0.0036022356 | T16: ='PCC.P.Range'!Q88 -> 0.0039388747 | ... V16: ='PCC.P.Range'!S88 -> -0.079174673
E17: SRN | F17: PCC | G17: Performance difference to target (% of target) | M17: ='PCC.P.Range'!J89 -> 0.08423913 | N17: ='PCC.P.Range'!K89 -> 0.10242215 | O17: ='PCC.P.Range'!L89 -> 0.074118477 | P17: ='PCC.P.Range'!M89 -> 0.073328541 | Q17: ='PCC.P.Range'!N89 -> 0.047653959 | R17: ='PCC.P.Range'!O89 -> 0.0061402616 | S17: ='PCC.P.Range'!P89 -> -0.039931206 | T17: ='PCC.P.Range'!Q89 -> -0.058753728 | ... V17: ='PCC.P.Range'!S89 -> -0.097450435
E18: TMS | F18: PCC | G18: Performance difference to target (% of target) | M18: ='PCC.P.Range'!J90 | N18: ='PCC.P.Range'!K90 | O18: ='PCC.P.Range'!L90 | P18: ='PCC.P.Range'!M90 | Q18: ='PCC.P.Range'!N90 | R18: ='PCC.P.Range'!O90 -> 0.0073110364 | S18: ='PCC.P.Range'!P90 -> -0.022379504 | T18: ='PCC.P.Range'!Q90 -> -0.029019049 | ... V18: ='PCC.P.Range'!S90 -> -0.028635639
E19: UUW | F19: PCC | G19: Performance difference to target (% of target) | M19: ='PCC.P.Range'!J91 | N19: ='PCC.P.Range'!K91 | O19: ='PCC.P.Range'!L91 | P19: ='PCC.P.Range'!M91 | Q19: ='PCC.P.Range'!N91 | R19: ='PCC.P.Range'!O91 -> -0.00030079292 | S19: ='PCC.P.Range'!P91 -> -0.031053746 | T19: ='PCC.P.Range'!Q91 -> -0.041385283 | ... V19: ='PCC.P.Range'!S91 -> -0.040554957
E20: WSX | F20: PCC | G20: Performance difference to target (% of target) | M20: ='PCC.P.Range'!J92 -> -0.0072992701 | N20: ='PCC.P.Range'!K92 -> -0.019259259 | O20: ='PCC.P.Range'!L92 -> -0.05 | P20: ='PCC.P.Range'!M92 -> -0.073684211 | Q20: ='PCC.P.Range'!N92 -> -0.10757576 | R20: ='PCC.P.Range'!O92 -> 0.0010795686 | S20: ='PCC.P.Range'!P92 -> -0.039522921 | T20: ='PCC.P.Range'!Q92 -> -0.054079196 | ... V20: ='PCC.P.Range'!S92 -> -0.016446235
... E29: SES | F29: PCC | G29: Performance difference to target (% of target) | M29: ='PCC.P.Range'!J101 -> 0.01044226 | N29: ='PCC.P.Range'!K101 -> 0.0018610422 | O29: ='PCC.P.Range'!L101 -> 0.0016875 | P29: ='PCC.P.Range'!M101 -> 0 | Q29: ='PCC.P.Range'!N101 -> -0.031198478 | R29: ='PCC.P.Range'!O101 -> 0.0026736313 | S29: ='PCC.P.Range'!P101 -> -0.049876851 | T29: ='PCC.P.Range'!Q101 -> -0.050393001 | ... V29: ='PCC.P.Range'!S101 -> -0.075434656
A31: Industry-wide Performance Percentiles
F33: PCC | G33: Performance difference to target (% of target) | H33: P10 | I33: 0.1 | K33: =_xlfn.PERCENTILE.INC($M$9:$V$29,I33) -> -0.09743481
F34: PCC | G34: Performance difference to target (% of target) | H34: P15 | I34: 0.15 | K34: =_xlfn.PERCENTILE.INC($M$9:$V$29,I34) -> -0.085285048
F35: PCC | G35: Performance difference to target (% of target) | H35: P20 | I35: 0.2 | K35: =_xlfn.PERCENTILE.INC($M$9:$V$29,I35) -> -0.078606904
F36: PCC | G36: Performance difference to target (% of target) | H36: P25 | I36: 0.25 | K36: =_xlfn.PERCENTILE.INC($M$9:$V$29,I36) -> -0.064515534
F37: PCC | G37: Performance difference to target (% of target) | H37: P30 | I37: 0.3 | K37: =_xlfn.PERCENTILE.INC($M$9:$V$29,I37) -> -0.058842325
F38: PCC | G38: Performance difference to target (% of target) | H38: P35 | I38: 0.35 | K38: =_xlfn.PERCENTILE.INC($M$9:$V$29,I38) -> -0.050904032
F39: PCC | G39: Performance difference to target (% of target) | H39: P40 | I39: 0.4 | K39: =_xlfn.PERCENTILE.INC($M$9:$V$29,I39) -> -0.045681079
F40: PCC | G40: Performance difference to target (% of target) | H40: P45 | I40: 0.45 | K40: =_xlfn.PERCENTILE.INC($M$9:$V$29,I40) -> -0.040183583
F41: PCC | G41: Performance difference to target (% of target) | H41: P50 | I41: 0.5 | K41: =_xlfn.PERCENTILE.INC($M$9:$V$29,I41) -> -0.035683165
F42: PCC | G42: Performance difference to target (% of target) | H42: P55 | I42: 0.55 | K42: =_xlfn.PERCENTILE.INC($M$9:$V$29,I42) -> -0.028999878
F43: PCC | G43: Performance difference to target (% of target) | H43: P60 | I43: 0.6 | K43: =_xlfn.PERCENTILE.INC($M$9:$V$29,I43) -> -0.020396718
F44: PCC | G44: Performance difference to target (% of target) | H44: P65 | I44: 0.65 | K44: =_xlfn.PERCENTILE.INC($M$9:$V$29,I44) -> -0.0072636967
... F49: PCC | G49: Performance difference to target (% of target) | H49: P90 | I49: 0.9 | K49: =_xlfn.PERCENTILE.INC($M$9:$V$29,I49) -> 0.030020699
A51: Industry-wide Performance Percentiles (P50 adjusted to zero)
M52: =K41 -> -0.035683165 | N52: <- adjustment value
F53: PCC | G53: Performance difference to target (% of target) | H53: P10 | I53: 0.1 | K53: =K33-$M$52 -> -0.061751645
F54: PCC | G54: Performance difference to target (% of target) | H54: P15 | I54: 0.15 | K54: =K34-$M$52 -> -0.049601883
F55: PCC | G55: Performance difference to target (% of target) | H55: P20 | I55: 0.2 | K55: =K35-$M$52 -> -0.042923738
F56: PCC | G56: Performance difference to target (% of target) | H56: P25 | I56: 0.25 | K56: =K36-$M$52 -> -0.028832369
F57: PCC | G57: Performance difference to target (% of target) | H57: P30 | I57: 0.3 | K57: =K37-$M$52 -> -0.02315916
F58: PCC | G58: Performance difference to target (% of target) | H58: P35 | I58: 0.35 | K58: =K38-$M$52 -> -0.015220867
F59: PCC | G59: Performance difference to target (% of target) | H59: P40 | I59: 0.4 | K59: =K39-$M$52 -> -0.0099979138
F60: PCC | G60: Performance difference to target (% of target) | H60: P45 | I60: 0.45 | K60: =K40-$M$52 -> -0.0045004174
F61: PCC | G61: Performance difference to target (% of target) | H61: P50 | I61: 0.5 | K61: =K41-$M$52 -> 0
F62: PCC | G62: Performance difference to target (% of target) | H62: P55 | I62: 0.55 | K62: =K42-$M$52 -> 0.0066832872
F63: PCC | G63: Performance difference to target (% of target) | H63: P60 | I63: 0.6 | K63: =K43-$M$52 -> 0.015286448
F64: PCC | G64: Performance difference to target (% of target) | H64: P65 | I64: 0.65 | K64: =K44-$M$52 -> 0.028419469
... F69: PCC | G69: Performance difference to target (% of target) | H69: P90 | I69: 0.9 | K69: =K49-$M$52 -> 0.065703864
A71: Industry-wide Performance Percentiles (P50 adjusted to zero & Mirrored P90 performance as P10 to adjust for lasting impacts of Covid-19)
F73: PCC | G73: Performance difference to target (% of target) | H73: P10 | I73: 0.9 | J73: -1 | K73: =INDEX($K$53:$K$69,MATCH(I73,$I$53:$I$69,0))*J73 -> -0.065703864
F74: PCC | G74: Performance difference to target (% of target) | H74: P15 | I74: 0.85 | J74: -1 | K74: =INDEX($K$53:$K$69,MATCH(I74,$I$53:$I$69,0))*J74 -> -0.048434416
F75: PCC | G75: Performance difference to target (% of target) | H75: P20 | I75: 0.8 | J75: -1 | K75: =INDEX($K$53:$K$69,MATCH(I75,$I$53:$I$69,0))*J75 -> -0.04177378
F76: PCC | G76: Performance difference to target (% of target) | H76: P25 | I76: 0.75 | J76: -1 | K76: =INDEX($K$53:$K$69,MATCH(I76,$I$53:$I$69,0))*J76 -> -0.037912816
F77: PCC | G77: Performance difference to target (% of target) | H77: P30 | I77: 0.7 | J77: -1 | K77: =INDEX($K$53:$K$69,MATCH(I77,$I$53:$I$69,0))*J77 -> -0.035623914
F78: PCC | G78: Performance difference to target (% of target) | H78: P35 | I78: 0.65 | J78: -1 | K78: =INDEX($K$53:$K$69,MATCH(I78,$I$53:$I$69,0))*J78 -> -0.028419469
F79: PCC | G79: Performance difference to target (% of target) | H79: P40 | I79: 0.6 | J79: -1 | K79: =INDEX($K$53:$K$69,MATCH(I79,$I$53:$I$69,0))*J79 -> -0.015286448
F80: PCC | G80: Performance difference to target (% of target) | H80: P45 | I80: 0.55 | J80: -1 | K80: =INDEX($K$53:$K$69,MATCH(I80,$I$53:$I$69,0))*J80 -> -0.0066832872
F81: PCC | G81: Performance difference to target (% of target) | H81: P50 | I81: 0.5 | J81: 1 | K81: =INDEX($K$53:$K$69,MATCH(I81,$I$53:$I$69,0))*J81 -> 0
F82: PCC | G82: Performance difference to target (% of target) | H82: P55 | I82: 0.55 | J82: 1 | K82: =INDEX($K$53:$K$69,MATCH(I82,$I$53:$I$69,0))*J82 -> 0.0066832872
F83: PCC | G83: Performance difference to target (% of target) | H83: P60 | I83: 0.6 | J83: 1 | K83: =INDEX($K$53:$K$69,MATCH(I83,$I$53:$I$69,0))*J83 -> 0.015286448
F84: PCC | G84: Performance difference to target (% of target) | H84: P65 | I84: 0.65 | J84: 1 | K84: =INDEX($K$53:$K$69,MATCH(I84,$I$53:$I$69,0))*J84 -> 0.028419469
... F89: PCC | G89: Performance difference to target (% of target) | H89: P90 | I89: 0.9 | J89: 1 | K89: =INDEX($K$53:$K$69,MATCH(I89,$I$53:$I$69,0))*J89 -> 0.065703864
A91: END

Sheet Final Output
A1: =RIGHT(CELL("filename", A1), LEN(CELL("filename", A1)) - SEARCH("]", CELL("filename", A1))) -> Final Output
E3: Company | F3: Performance Commitment | G3: Measure | H3: Unit | I3: Percentile | K3: Value
A7: Industry-wide percentiles
F9: PCC | G9: Performance difference to target (% of target) | H9: % | I9: P10 | K9: =PCC.Percentiles!K73 -> -0.065703864
F10: PCC | G10: Performance difference to target (% of target) | H10: % | I10: P15 | K10: =PCC.Percentiles!K74 -> -0.048434416
F11: PCC | G11: Performance difference to target (% of target) | H11: % | I11: P20 | K11: =PCC.Percentiles!K75 -> -0.04177378
F12: PCC | G12: Performance difference to target (% of target) | H12: % | I12: P25 | K12: =PCC.Percentiles!K76 -> -0.037912816
F13: PCC | G13: Performance difference to target (% of target) | H13: % | I13: P30 | K13: =PCC.Percentiles!K77 -> -0.035623914
F14: PCC | G14: Performance difference to target (% of target) | H14: % | I14: P35 | K14: =PCC.Percentiles!K78 -> -0.028419469
F15: PCC | G15: Performance difference to target (% of target) | H15: % | I15: P40 | K15: =PCC.Percentiles!K79 -> -0.015286448
F16: PCC | G16: Performance difference to target (% of target) | H16: % | I16: P45 | K16: =PCC.Percentiles!K80 -> -0.0066832872
F17: PCC | G17: Performance difference to target (% of target) | H17: % | I17: P50 | K17: =PCC.Percentiles!K81 -> 0
F18: PCC | G18: Performance difference to target (% of target) | H18: % | I18: P55 | K18: =PCC.Percentiles!K82 -> 0.0066832872
F19: PCC | G19: Performance difference to target (% of target) | H19: % | I19: P60 | K19: =PCC.Percentiles!K83 -> 0.015286448
F20: PCC | G20: Performance difference to target (% of target) | H20: % | I20: P65 | K20: =PCC.Percentiles!K84 -> 0.028419469
... F25: PCC | G25: Performance difference to target (% of target) | H25: % | I25: P90 | K25: =PCC.Percentiles!K89 -> 0.065703864
F27: NHH | G27: Performance difference to target (% of target) | H27: % | I27: P10 | K27: =NHH.Percentiles!K73 -> -0.096796811
F28: NHH | G28: Performance difference to target (% of target) | H28: % | I28: P15 | K28: =NHH.Percentiles!K74 -> -0.081541326
F29: NHH | G29: Performance difference to target (% of target) | H29: % | I29: P20 | K29: =NHH.Percentiles!K75 -> -0.072635013
F30: NHH | G30: Performance difference to target (% of target) | H30: % | I30: P25 | K30: =NHH.Percentiles!K76 -> -0.059656506
F31: NHH | G31: Performance difference to target (% of target) | H31: % | I31: P30 | K31: =NHH.Percentiles!K77 -> -0.05326544
F32: NHH | G32: Performance difference to target (% of target) | H32: % | I32: P35 | K32: =NHH.Percentiles!K78 -> -0.039710934
F33: NHH | G33: Performance difference to target (% of target) | H33: % | I33: P40 | K33: =NHH.Percentiles!K79 -> -0.026502071
F34: NHH | G34: Performance difference to target (% of target) | H34: % | I34: P45 | K34: =NHH.Percentiles!K80 -> -0.012207273
F35: NHH | G35: Performance difference to target (% of target) | H35: % | I35: P50 | K35: =NHH.Percentiles!K81 -> 0
F36: NHH | G36: Performance difference to target (% of target) | H36: % | I36: P55 | K36: =NHH.Percentiles!K82 -> 0.012207273
F37: NHH | G37: Performance difference to target (% of target) | H37: % | I37: P60 | K37: =NHH.Percentiles!K83 -> 0.026502071
F38: NHH | G38: Performance difference to target (% of target) | H38: % | I38: P65 | K38: =NHH.Percentiles!K84 -> 0.039710934
... F43: NHH | G43: Performance difference to target (% of target) | H43: % | I43: P90 | K43: =NHH.Percentiles!K89 -> 0.096796811
A45: END

Sheet F_Outputs
C1: PCC&NHH FEEDER
A2: Acronym | B2: Reference | C2: Item description | D2: Unit | E2: Model | F2: Constant
A4: AFW | B4: C_ODIRISK_NHH_FEED_P10 | C4: Historic performance range Percentile (P10) for Business Demand Performance Commitment PR24 | D4: % | E4: Price Review 2024 | F4: ='Final Output'!K27 -> -0.096796811
A5: AFW | B5: C_ODIRISK_NHH_FEED_P15 | C5: Historic performance range Percentile (P15) for Business Demand Performance Commitment PR24 | D5: % | E5: Price Review 2024 | F5: ='Final Output'!K28 -> -0.081541326
A6: AFW | B6: C_ODIRISK_NHH_FEED_P20 | C6: Historic performance range Percentile (P20) for Business Demand Performance Commitment PR24 | D6: % | E6: Price Review 2024 | F6: ='Final Output'!K29 -> -0.072635013
A7: AFW | B7: C_ODIRISK_NHH_FEED_P25 | C7: Historic performance range Percentile (P25) for Business Demand Performance Commitment PR24 | D7: % | E7: Price Review 2024 | F7: ='Final Output'!K30 -> -0.059656506
A8: AFW | B8: C_ODIRISK_NHH_FEED_P30 | C8: Historic performance range Percentile (P30) for Business Demand Performance Commitment PR24 | D8: % | E8: Price Review 2024 | F8: ='Final Output'!K31 -> -0.05326544
A9: AFW | B9: C_ODIRISK_NHH_FEED_P35 | C9: Historic performance range Percentile (P35) for Business Demand Performance Commitment PR24 | D9: % | E9: Price Review 2024 | F9: ='Final Output'!K32 -> -0.039710934
A10: AFW | B10: C_ODIRISK_NHH_FEED_P40 | C10: Historic performance range Percentile (P40) for Business Demand Performance Commitment PR24 | D10: % | E10: Price Review 2024 | F10: ='Final Output'!K33 -> -0.026502071
A11: AFW | B11: C_ODIRISK_NHH_FEED_P45 | C11: Historic performance range Percentile (P45) for Business Demand Performance Commitment PR24 | D11: % | E11: Price Review 2024 | F11: ='Final Output'!K34 -> -0.012207273
A12: AFW | B12: C_ODIRISK_NHH_FEED_P50 | C12: Historic performance range Percentile (P50) for Business Demand Performance Commitment PR24 | D12: % | E12: Price Review 2024 | F12: ='Final Output'!K35 -> 0
A13: AFW | B13: C_ODIRISK_NHH_FEED_P55 | C13: Historic performance range Percentile (P55) for Business Demand Performance Commitment PR24 | D13: % | E13: Price Review 2024 | F13: ='Final Output'!K36 -> 0.012207273
A14: AFW | B14: C_ODIRISK_NHH_FEED_P60 | C14: Historic performance range Percentile (P60) for Business Demand Performance Commitment PR24 | D14: % | E14: Price Review 2024 | F14: ='Final Output'!K37 -> 0.026502071
A15: AFW | B15: C_ODIRISK_NHH_FEED_P65 | C15: Historic performance range Percentile (P65) for Business Demand Performance Commitment PR24 | D15: % | E15: Price Review 2024 | F15: ='Final Output'!K38 -> 0.039710934
... A20: AFW | B20: C_ODIRISK_NHH_FEED_P90 | C20: Historic performance range Percentile (P90) for Business Demand Performance Commitment PR24 | D20: % | E20: Price Review 2024 | F20: ='Final Output'!K43 -> 0.096796811
A21: AFW | B21: C_ODIRISK_PCC_FEED_P10 | C21: Historic performance range Percentile (P10) for Per Capita Consumption Performance Commitment PR24 | D21: % | E21: Price Review 2024 | F21: ='Final Output'!K9 -> -0.065703864
A22: AFW | B22: C_ODIRISK_PCC_FEED_P15 | C22: Historic performance range Percentile (P15) for Per Capita Consumption Performance Commitment PR24 | D22: % | E22: Price Review 2024 | F22: ='Final Output'!K10 -> -0.048434416
A23: AFW | B23: C_ODIRISK_PCC_FEED_P20 | C23: Historic performance range Percentile (P20) for Per Capita Consumption Performance Commitment PR24 | D23: % | E23: Price Review 2024 | F23: ='Final Output'!K11 -> -0.04177378
A24: AFW | B24: C_ODIRISK_PCC_FEED_P25 | C24: Historic performance range Percentile (P25) for Per Capita Consumption Performance Commitment PR24 | D24: % | E24: Price Review 2024 | F24: ='Final Output'!K12 -> -0.037912816
A25: AFW | B25: C_ODIRISK_PCC_FEED_P30 | C25: Historic performance range Percentile (P30) for Per Capita Consumption Performance Commitment PR24 | D25: % | E25: Price Review 2024 | F25: ='Final Output'!K13 -> -0.035623914
A26: AFW | B26: C_ODIRISK_PCC_FEED_P35 | C26: Historic performance range Percentile (P35) for Per Capita Consumption Performance Commitment PR24 | D26: % | E26: Price Review 2024 | F26: ='Final Output'!K14 -> -0.028419469
A27: AFW | B27: C_ODIRISK_PCC_FEED_P40 | C27: Historic performance range Percentile (P40) for Per Capita Consumption Performance Commitment PR24 | D27: % | E27: Price Review 2024 | F27: ='Final Output'!K15 -> -0.015286448
A28: AFW | B28: C_ODIRISK_PCC_FEED_P45 | C28: Historic performance range Percentile (P45) for Per Capita Consumption Performance Commitment PR24 | D28: % | E28: Price Review 2024 | F28: ='Final Output'!K16 -> -0.0066832872
A29: AFW | B29: C_ODIRISK_PCC_FEED_P50 | C29: Historic performance range Percentile (P50) for Per Capita Consumption Performance Commitment PR24 | D29: % | E29: Price Review 2024 | F29: ='Final Output'!K17 -> 0
A30: AFW | B30: C_ODIRISK_PCC_FEED_P55 | C30: Historic performance range Percentile (P55) for Per Capita Consumption Performance Commitment PR24 | D30: % | E30: Price Review 2024 | F30: ='Final Output'!K18 -> 0.0066832872
A31: AFW | B31: C_ODIRISK_PCC_FEED_P60 | C31: Historic performance range Percentile (P60) for Per Capita Consumption Performance Commitment PR24 | D31: % | E31: Price Review 2024 | F31: ='Final Output'!K19 -> 0.015286448
A32: AFW | B32: C_ODIRISK_PCC_FEED_P65 | C32: Historic performance range Percentile (P65) for Per Capita Consumption Performance Commitment PR24 | D32: % | E32: Price Review 2024 | F32: ='Final Output'!K20 -> 0.028419469
... A37: AFW | B37: C_ODIRISK_PCC_FEED_P90 | C37: Historic performance range Percentile (P90) for Per Capita Consumption Performance Commitment PR24 | D37: % | E37: Price Review 2024 | F37: ='Final Output'!K25 -> 0.065703864
A38: AFW | B38: PR24QA_PR24OC02_OUT1 | C38: Date & Time for Model - PR24OC02 | D38: % | E38: Price Review 2024 | F38: =CONCATENATE("[…]", TEXT(NOW(),"dd/mm/yyy hh:mm:ss")) -> […]12/12/2024 16:42:19
A39: AFW | B39: PR24QA_PR24OC02_OUT2 | C39: Name of Model - PR24OC02 | D39: % | E39: Price Review 2024 | F39: =MID(CELL("filename"),SEARCH("[",CELL("filename"))+1,SEARCH("]",CELL("filename"))-SEARCH("[",CELL("filename"))-1) -> PR24 FD OC13 ODI risk - Feeder Model (Per Capita Consumption and Business Demand).xlsx
A40: AFW | B40: PR24QA_PR24OC02_OUT3 | C40: F_Inputs time stamp - PR24OC02 | D40: % | E40: Price Review 2024 | F40: =F_Inputs!$E$1 -> Run on 06 Dec 2024 15:13
A41: AFW | B41: PR24QA_PR24OC02_OUT4 | C41: Model override switch for - PR24OC02 | D41: % | E41: Price Review 2024 | F41: N/A
A42: ANH | B42: C_ODIRISK_NHH_FEED_P10 | C42: Historic performance range Percentile (P10) for Business Demand Performance Commitment PR24 | D42: % | E42: Price Review 2024 | F42: ='Final Output'!K27 -> -0.096796811
A43: ANH | B43: C_ODIRISK_NHH_FEED_P15 | C43: Historic performance range Percentile (P15) for Business Demand Performance Commitment PR24 | D43: % | E43: Price Review 2024 | F43: ='Final Output'!K28 -> -0.081541326
A44: ANH | B44: C_ODIRISK_NHH_FEED_P20 | C44: Historic performance range Percentile (P20) for Business Demand Performance Commitment PR24 | D44: % | E44: Price Review 2024 | F44: ='Final Output'!K29 -> -0.072635013
A45: ANH | B45: C_ODIRISK_NHH_FEED_P25 | C45: Historic performance range Percentile (P25) for Business Demand Performance Commitment PR24 | D45: % | E45: Price Review 2024 | F45: ='Final Output'!K30 -> -0.059656506
A46: ANH | B46: C_ODIRISK_NHH_FEED_P30 | C46: Historic performance range Percentile (P30) for Business Demand Performance Commitment PR24 | D46: % | E46: Price Review 2024 | F46: ='Final Output'!K31 -> -0.05326544
A47: ANH | B47: C_ODIRISK_NHH_FEED_P35 | C47: Historic performance range Percentile (P35) for Business Demand Performance Commitment PR24 | D47: % | E47: Price Review 2024 | F47: ='Final Output'!K32 -> -0.039710934
A48: ANH | B48: C_ODIRISK_NHH_FEED_P40 | C48: Historic performance range Percentile (P40) for Business Demand Performance Commitment PR24 | D48: % | E48: Price Review 2024 | F48: ='Final Output'!K33 -> -0.026502071
A49: ANH | B49: C_ODIRISK_NHH_FEED_P45 | C49: Historic performance range Percentile (P45) for Business Demand Performance Commitment PR24 | D49: % | E49: Price Review 2024 | F49: ='Final Output'!K34 -> -0.012207273
A50: ANH | B50: C_ODIRISK_NHH_FEED_P50 | C50: Historic performance range Percentile (P50) for Business Demand Performance Commitment PR24 | D50: % | E50: Price Review 2024 | F50: ='Final Output'!K35 -> 0
A51: ANH | B51: C_ODIRISK_NHH_FEED_P55 | C51: Historic performance range Percentile (P55) for Business Demand Performance Commitment PR24 | D51: % | E51: Price Review 2024 | F51: ='Final Output'!K36 -> 0.012207273
A52: ANH | B52: C_ODIRISK_NHH_FEED_P60 | C52: Historic performance range Percentile (P60) for Business Demand Performance Commitment PR24 | D52: % | E52: Price Review 2024 | F52: ='Final Output'!K37 -> 0.026502071
A53: ANH | B53: C_ODIRISK_NHH_FEED_P65 | C53: Historic performance range Percentile (P65) for Business Demand Performance Commitment PR24 | D53: % | E53: Price Review 2024 | F53: ='Final Output'!K38 -> 0.039710934
... A58: ANH | B58: C_ODIRISK_NHH_FEED_P90 | C58: Historic performance range Percentile (P90) for Business Demand Performance Commitment PR24 | D58: % | E58: Price Review 2024 | F58: ='Final Output'!K43 -> 0.096796811
A59: ANH | B59: C_ODIRISK_PCC_FEED_P10 | C59: Historic performance range Percentile (P10) for Per Capita Consumption Performance Commitment PR24 | D59: % | E59: Price Review 2024 | F59: ='Final Output'!K9 -> -0.065703864
A60: ANH | B60: C_ODIRISK_PCC_FEED_P15 | C60: Historic performance range Percentile (P15) for Per Capita Consumption Performance Commitment PR24 | D60: % | E60: Price Review 2024 | F60: ='Final Output'!K10 -> -0.048434416
A61: ANH | B61: C_ODIRISK_PCC_FEED_P20 | C61: Historic performance range Percentile (P20) for Per Capita Consumption Performance Commitment PR24 | D61: % | E61: Price Review 2024 | F61: ='Final Output'!K11 -> -0.04177378
A62: ANH | B62: C_ODIRISK_PCC_FEED_P25 | C62: Historic performance range Percentile (P25) for Per Capita Consumption Performance Commitment PR24 | D62: % | E62: Price Review 2024 | F62: ='Final Output'!K12 -> -0.037912816
A63: ANH | B63: C_ODIRISK_PCC_FEED_P30 | C63: Historic performance range Percentile (P30) for Per Capita Consumption Performance Commitment PR24 | D63: % | E63: Price Review 2024 | F63: ='Final Output'!K13 -> -0.035623914
A64: ANH | B64: C_ODIRISK_PCC_FEED_P35 | C64: Historic performance range Percentile (P35) for Per Capita Consumption Performance Commitment PR24 | D64: % | E64: Price Review 2024 | F64: ='Final Output'!K14 -> -0.028419469
A65: ANH | B65: C_ODIRISK_PCC_FEED_P40 | C65: Historic performance range Percentile (P40) for Per Capita Consumption Performance Commitment PR24 | D65: % | E65: Price Review 2024 | F65: ='Final Output'!K15 -> -0.015286448
A66: ANH | B66: C_ODIRISK_PCC_FEED_P45 | C66: Historic performance range Percentile (P45) for Per Capita Consumption Performance Commitment PR24 | D66: % | E66: Price Review 2024 | F66: ='Final Output'!K16 -> -0.0066832872
A67: ANH | B67: C_ODIRISK_PCC_FEED_P50 | C67: Historic performance range Percentile (P50) for Per Capita Consumption Performance Commitment PR24 | D67: % | E67: Price Review 2024 | F67: ='Final Output'!K17 -> 0
A68: ANH | B68: C_ODIRISK_PCC_FEED_P55 | C68: Historic performance range Percentile (P55) for Per Capita Consumption Performance Commitment PR24 | D68: % | E68: Price Review 2024 | F68: ='Final Output'!K18 -> 0.0066832872
A69: ANH | B69: C_ODIRISK_PCC_FEED_P60 | C69: Historic performance range Percentile (P60) for Per Capita Consumption Performance Commitment PR24 | D69: % | E69: Price Review 2024 | F69: ='Final Output'!K19 -> 0.015286448
A70: ANH | B70: C_ODIRISK_PCC_FEED_P65 | C70: Historic performance range Percentile (P65) for Per Capita Consumption Performance Commitment PR24 | D70: % | E70: Price Review 2024 | F70: ='Final Output'!K20 -> 0.028419469
... A75: ANH | B75: C_ODIRISK_PCC_FEED_P90 | C75: Historic performance range Percentile (P90) for Per Capita Consumption Performance Commitment PR24 | D75: % | E75: Price Review 2024 | F75: ='Final Output'!K25 -> 0.065703864
A76: ANH | B76: PR24QA_PR24OC02_OUT1 | C76: Date & Time for Model - PR24OC02 | D76: % | E76: Price Review 2024 | F76: =CONCATENATE("[…]", TEXT(NOW(),"dd/mm/yyy hh:mm:ss")) -> […]12/12/2024 16:42:19
A77: ANH | B77: PR24QA_PR24OC02_OUT2 | C77: Name of Model - PR24OC02 | D77: % | E77: Price Review 2024 | F77: =MID(CELL("filename"),SEARCH("[",CELL("filename"))+1,SEARCH("]",CELL("filename"))-SEARCH("[",CELL("filename"))-1) -> PR24 FD OC13 ODI risk - Feeder Model (Per Capita Consumption and Business Demand).xlsx
A78: ANH | B78: PR24QA_PR24OC02_OUT3 | C78: F_Inputs time stamp - PR24OC02 | D78: % | E78: Price Review 2024 | F78: =F_Inputs!$E$1 -> Run on 06 Dec 2024 15:13
A79: ANH | B79: PR24QA_PR24OC02_OUT4 | C79: Model override switch for - PR24OC02 | D79: % | E79: Price Review 2024 | F79: N/A
A80: BRL | B80: C_ODIRISK_NHH_FEED_P10 | C80: Historic performance range Percentile (P10) for Business Demand Performance Commitment PR24 | D80: % | E80: Price Review 2024 | F80: ='Final Output'!K27 -> -0.096796811
A81: BRL | B81: C_ODIRISK_NHH_FEED_P15 | C81: Historic performance range Percentile (P15) for Business Demand Performance Commitment PR24 | D81: % | E81: Price Review 2024 | F81: ='Final Output'!K28 -> -0.081541326
A82: BRL | B82: C_ODIRISK_NHH_FEED_P20 | C82: Historic performance range Percentile (P20) for Business Demand Performance Commitment PR24 | D82: % | E82: Price Review 2024 | F82: ='Final Output'!K29 -> -0.072635013
A83: BRL | B83: C_ODIRISK_NHH_FEED_P25 | C83: Historic performance range Percentile (P25) for Business Demand Performance Commitment PR24 | D83: % | E83: Price Review 2024 | F83: ='Final Output'!K30 -> -0.059656506
A84: BRL | B84: C_ODIRISK_NHH_FEED_P30 | C84: Historic performance range Percentile (P30) for Business Demand Performance Commitment PR24 | D84: % | E84: Price Review 2024 | F84: ='Final Output'!K31 -> -0.05326544
A85: BRL | B85: C_ODIRISK_NHH_FEED_P35 | C85: Historic performance range Percentile (P35) for Business Demand Performance Commitment PR24 | D85: % | E85: Price Review 2024 | F85: ='Final Output'!K32 -> -0.039710934
A86: BRL | B86: C_ODIRISK_NHH_FEED_P40 | C86: Historic performance range Percentile (P40) for Business Demand Performance Commitment PR24 | D86: % | E86: Price Review 2024 | F86: ='Final Output'!K33 -> -0.026502071
A87: BRL | B87: C_ODIRISK_NHH_FEED_P45 | C87: Historic performance range Percentile (P45) for Business Demand Performance Commitment PR24 | D87: % | E87: Price Review 2024 | F87: ='Final Output'!K34 -> -0.012207273
A88: BRL | B88: C_ODIRISK_NHH_FEED_P50 | C88: Historic performance range Percentile (P50) for Business Demand Performance Commitment PR24 | D88: % | E88: Price Review 2024 | F88: ='Final Output'!K35 -> 0
A89: BRL | B89: C_ODIRISK_NHH_FEED_P55 | C89: Historic performance range Percentile (P55) for Business Demand Performance Commitment PR24 | D89: % | E89: Price Review 2024 | F89: ='Final Output'!K36 -> 0.012207273
A90: BRL | B90: C_ODIRISK_NHH_FEED_P60 | C90: Historic performance range Percentile (P60) for Business Demand Performance Commitment PR24 | D90: % | E90: Price Review 2024 | F90: ='Final Output'!K37 -> 0.026502071
A91: BRL | B91: C_ODIRISK_NHH_FEED_P65 | C91: Historic performance range Percentile (P65) for Business Demand Performance Commitment PR24 | D91: % | E91: Price Review 2024 | F91: ='Final Output'!K38 -> 0.039710934
... A96: BRL | B96: C_ODIRISK_NHH_FEED_P90 | C96: Historic performance range Percentile (P90) for Business Demand Performance Commitment PR24 | D96: % | E96: Price Review 2024 | F96: ='Final Output'!K43 -> 0.096796811
A97: BRL | B97: C_ODIRISK_PCC_FEED_P10 | C97: Historic performance range Percentile (P10) for Per Capita Consumption Performance Commitment PR24 | D97: % | E97: Price Review 2024 | F97: ='Final Output'!K9 -> -0.065703864
A98: BRL | B98: C_ODIRISK_PCC_FEED_P15 | C98: Historic performance range Percentile (P15) for Per Capita Consumption Performance Commitment PR24 | D98: % | E98: Price Review 2024 | F98: ='Final Output'!K10 -> -0.048434416
A99: BRL | B99: C_ODIRISK_PCC_FEED_P20 | C99: Historic performance range Percentile (P20) for Per Capita Consumption Performance Commitment PR24 | D99: % | E99: Price Review 2024 | F99: ='Final Output'!K11 -> -0.04177378
A100: BRL | B100: C_ODIRISK_PCC_FEED_P25 | C100: Historic performance range Percentile (P25) for Per Capita Consumption Performance Commitment PR24 | D100: % | E100: Price Review 2024 | F100: ='Final Output'!K12 -> -0.037912816
A101: BRL | B101: C_ODIRISK_PCC_FEED_P30 | C101: Historic performance range Percentile (P30) for Per Capita Consumption Performance Commitment PR24 | D101: % | E101: Price Review 2024 | F101: ='Final Output'!K13 -> -0.035623914
A102: BRL | B102: C_ODIRISK_PCC_FEED_P35 | C102: Historic performance range Percentile (P35) for Per Capita Consumption Performance Commitment PR24 | D102: % | E102: Price Review 2024 | F102: ='Final Output'!K14 -> -0.028419469
A103: BRL | B103: C_ODIRISK_PCC_FEED_P40 | C103: Historic performance range Percentile (P40) for Per Capita Consumption Performance Commitment PR24 | D103: % | E103: Price Review 2024 | F103: ='Final Output'!K15 -> -0.015286448
A104: BRL | B104: C_ODIRISK_PCC_FEED_P45 | C104: Historic performance range Percentile (P45) for Per Capita Consumption Performance Commitment PR24 | D104: % | E104: Price Review 2024 | F104: ='Final Output'!K16 -> -0.0066832872
A105: BRL | B105: C_ODIRISK_PCC_FEED_P50 | C105: Historic performance range Percentile (P50) for Per Capita Consumption Performance Commitment PR24 | D105: % | E105: Price Review 2024 | F105: ='Final Output'!K17 -> 0
A106: BRL | B106: C_ODIRISK_PCC_FEED_P55 | C106: Historic performance range Percentile (P55) for Per Capita Consumption Performance Commitment PR24 | D106: % | E106: Price Review 2024 | F106: ='Final Output'!K18 -> 0.0066832872
A107: BRL | B107: C_ODIRISK_PCC_FEED_P60 | C107: Historic performance range Percentile (P60) for Per Capita Consumption Performance Commitment PR24 | D107: % | E107: Price Review 2024 | F107: ='Final Output'!K19 -> 0.015286448
A108: BRL | B108: C_ODIRISK_PCC_FEED_P65 | C108: Historic performance range Percentile (P65) for Per Capita Consumption Performance Commitment PR24 | D108: % | E108: Price Review 2024 | F108: ='Final Output'!K20 -> 0.028419469
... A113: BRL | B113: C_ODIRISK_PCC_FEED_P90 | C113: Historic performance range Percentile (P90) for Per Capita Consumption Performance Commitment PR24 | D113: % | E113: Price Review 2024 | F113: ='Final Output'!K25 -> 0.065703864
A114: BRL | B114: PR24QA_PR24OC02_OUT1 | C114: Date & Time for Model - PR24OC02 | D114: % | E114: Price Review 2024 | F114: =CONCATENATE("[…]", TEXT(NOW(),"dd/mm/yyy hh:mm:ss")) -> […]12/12/2024 16:42:19
A115: BRL | B115: PR24QA_PR24OC02_OUT2 | C115: Name of Model - PR24OC02 | D115: % | E115: Price Review 2024 | F115: =MID(CELL("filename"),SEARCH("[",CELL("filename"))+1,SEARCH("]",CELL("filename"))-SEARCH("[",CELL("filename"))-1) -> PR24 FD OC13 ODI risk - Feeder Model (Per Capita Consumption and Business Demand).xlsx
A116: BRL | B116: PR24QA_PR24OC02_OUT3 | C116: F_Inputs time stamp - PR24OC02 | D116: % | E116: Price Review 2024 | F116: =F_Inputs!$E$1 -> Run on 06 Dec 2024 15:13
A117: BRL | B117: PR24QA_PR24OC02_OUT4 | C117: Model override switch for - PR24OC02 | D117: % | E117: Price Review 2024 | F117: N/A
A118: HDD | B118: C_ODIRISK_NHH_FEED_P10 | C118: Historic performance range Percentile (P10) for Business Demand Performance Commitment PR24 | D118: % | E118: Price Review 2024 | F118: ='Final Output'!K27 -> -0.096796811
A119: HDD | B119: C_ODIRISK_NHH_FEED_P15 | C119: Historic performance range Percentile (P15) for Business Demand Performance Commitment PR24 | D119: % | E119: Price Review 2024 | F119: ='Final Output'!K28 -> -0.081541326
A120: HDD | B120: C_ODIRISK_NHH_FEED_P20 | C120: Historic performance range Percentile (P20) for Business Demand Performance Commitment PR24 | D120: % | E120: Price Review 2024 | F120: ='Final Output'!K29 -> -0.072635013
A121: HDD | B121: C_ODIRISK_NHH_FEED_P25 | C121: Historic performance range Percentile (P25) for Business Demand Performance Commitment PR24 | D121: % | E121: Price Review 2024 | F121: ='Final Output'!K30 -> -0.059656506
A122: HDD | B122: C_ODIRISK_NHH_FEED_P30 | C122: Historic performance range Percentile (P30) for Business Demand Performance Commitment PR24 | D122: % | E122: Price Review 2024 | F122: ='Final Output'!K31 -> -0.05326544
A123: HDD | B123: C_ODIRISK_NHH_FEED_P35 | C123: Historic performance range Percentile (P35) for Business Demand Performance Commitment PR24 | D123: % | E123: Price Review 2024 | F123: ='Final Output'!K32 -> -0.039710934
A124: HDD | B124: C_ODIRISK_NHH_FEED_P40 | C124: Historic performance range Percentile (P40) for Business Demand Performance Commitment PR24 | D124: % | E124: Price Review 2024 | F124: ='Final Output'!K33 -> -0.026502071
A125: HDD | B125: C_ODIRISK_NHH_FEED_P45 | C125: Historic performance range Percentile (P45) for Business Demand Performance Commitment PR24 | D125: % | E125: Price Review 2024 | F125: ='Final Output'!K34 -> -0.012207273
...
